Bus Number,Route ID,Starting Point,Ending Point,Scheduled Time,Predicted Arrival Time,Delay (in Minutes),Traffic Condition,Reason for Delay,Day of Week,Weather Condition,Incident Detected
21G,Route_21G,Marina Beach,Velachery,02:57 PM,01:46 AM,6,Moderate,Accident,Tuesday,Foggy,No
M5,Route_M5,Marina Beach,Velachery,09:20 AM,05:15 AM,10,Moderate,Traffic Congestion,Saturday,Clear,No
M5,Route_M5,Mount Road,Guindy,11:11 PM,08:30 PM,22,Heavy,Accident,Wednesday,Foggy,No
23C,Route_23C,Saidapet,Ambattur,07:03 PM,06:40 AM,6,Moderate,None,Friday,Clear,No
7B,Route_7B,Koyambedu,Tambaram,02:31 AM,08:53 PM,7,Moderate,None,Tuesday,Rainy,No
47A,Route_47A,Saidapet,Ambattur,12:35 PM,10:47 AM,20,Heavy,None,Friday,Foggy,No
5E,Route_5E,Marina Beach,Velachery,04:48 PM,01:51 PM,12,Moderate,None,Thursday,Clear,Yes
7B,Route_7B,Saidapet,Ambattur,06:56 AM,07:19 PM,2,Clear,Traffic Congestion,Friday,Rainy,Yes
7B,Route_7B,Saidapet,Ambattur,09:42 AM,01:28 AM,15,Heavy,Traffic Congestion,Sunday,Stormy,No
M5,Route_M5,Adyar,T. Nagar,07:59 PM,10:04 PM,29,Heavy,None,Tuesday,Rainy,Yes
570,Route_570,Adyar,T. Nagar,07:41 AM,07:09 PM,5,Clear,Traffic Congestion,Sunday,Foggy,Yes
102,Route_102,Adyar,T. Nagar,11:38 AM,09:17 PM,12,Moderate,None,Saturday,Rainy,No
102,Route_102,Adyar,T. Nagar,02:34 AM,11:55 AM,14,Moderate,None,Monday,Clear,No
102,Route_102,Koyambedu,Tambaram,05:50 PM,12:17 PM,13,Moderate,Accident,Wednesday,Clear,No
47A,Route_47A,Mount Road,Guindy,05:02 AM,06:13 PM,10,Moderate,Accident,Sunday,Rainy,No
47A,Route_47A,Saidapet,Ambattur,05:41 AM,11:15 PM,3,Clear,Traffic Congestion,Tuesday,Foggy,No
M5,Route_M5,Mount Road,Guindy,05:28 PM,04:05 AM,28,Heavy,Traffic Congestion,Sunday,Stormy,No
102,Route_102,Adyar,T. Nagar,12:27 AM,07:36 AM,3,Clear,None,Monday,Rainy,No
23C,Route_23C,Koyambedu,Tambaram,12:48 AM,01:04 AM,0,Clear,None,Friday,Stormy,No
7B,Route_7B,Marina Beach,Velachery,02:27 AM,08:17 AM,15,Moderate,Signal Delay,Sunday,Stormy,No
23C,Route_23C,Marina Beach,Velachery,04:16 PM,10:29 PM,30,Heavy,None,Monday,Rainy,No
47A,Route_47A,Koyambedu,Tambaram,08:38 AM,07:42 AM,14,Moderate,None,Saturday,Rainy,No
21G,Route_21G,Mount Road,Guindy,11:11 AM,05:10 PM,13,Moderate,Accident,Tuesday,Stormy,No
47A,Route_47A,Koyambedu,Tambaram,02:30 AM,07:48 PM,15,Moderate,Accident,Sunday,Foggy,No
23C,Route_23C,Koyambedu,Tambaram,12:53 AM,08:51 AM,3,Clear,Traffic Congestion,Wednesday,Stormy,Yes
7B,Route_7B,Saidapet,Ambattur,06:33 PM,03:30 AM,18,Heavy,Accident,Saturday,Foggy,No
102,Route_102,Koyambedu,Tambaram,11:23 AM,11:34 PM,8,Moderate,None,Sunday,Stormy,No
5E,Route_5E,Mount Road,Guindy,02:20 PM,08:57 PM,16,Heavy,None,Friday,Foggy,Yes
570,Route_570,Saidapet,Ambattur,04:46 PM,02:21 AM,0,Clear,None,Saturday,Clear,No
102,Route_102,Saidapet,Ambattur,09:05 PM,06:10 PM,16,Heavy,None,Saturday,Foggy,No
5E,Route_5E,Saidapet,Ambattur,09:29 PM,04:15 AM,3,Clear,Signal Delay,Tuesday,Stormy,No
47A,Route_47A,Mount Road,Guindy,07:58 AM,04:31 PM,13,Moderate,None,Wednesday,Clear,Yes
M5,Route_M5,Koyambedu,Tambaram,01:32 PM,09:29 AM,11,Moderate,Accident,Wednesday,Stormy,Yes
21G,Route_21G,Adyar,T. Nagar,11:53 AM,08:33 AM,2,Clear,Accident,Monday,Foggy,No
102,Route_102,Marina Beach,Velachery,06:05 AM,04:46 AM,4,Clear,Signal Delay,Friday,Clear,No
M5,Route_M5,Saidapet,Ambattur,01:27 AM,05:24 PM,5,Clear,Accident,Saturday,Clear,No
5E,Route_5E,Mount Road,Guindy,10:56 AM,10:03 PM,15,Heavy,Signal Delay,Wednesday,Stormy,Yes
570,Route_570,Adyar,T. Nagar,03:21 PM,09:50 AM,13,Moderate,Traffic Congestion,Friday,Foggy,No
M5,Route_M5,Marina Beach,Velachery,10:36 AM,01:32 AM,12,Moderate,None,Friday,Rainy,No
7B,Route_7B,Marina Beach,Velachery,11:31 AM,05:56 PM,2,Clear,Accident,Monday,Clear,Yes
102,Route_102,Mount Road,Guindy,08:21 PM,03:22 AM,14,Moderate,Traffic Congestion,Tuesday,Rainy,Yes
21G,Route_21G,Saidapet,Ambattur,01:21 AM,03:31 AM,24,Heavy,Signal Delay,Wednesday,Clear,No
23C,Route_23C,Koyambedu,Tambaram,12:31 AM,07:15 AM,24,Heavy,Signal Delay,Tuesday,Rainy,No
47A,Route_47A,Koyambedu,Tambaram,02:52 AM,01:07 AM,16,Heavy,None,Sunday,Foggy,Yes
M5,Route_M5,Mount Road,Guindy,09:29 AM,05:51 AM,28,Heavy,None,Saturday,Stormy,No
102,Route_102,Koyambedu,Tambaram,10:49 AM,03:05 PM,1,Clear,Traffic Congestion,Sunday,Rainy,Yes
570,Route_570,Mount Road,Guindy,08:40 AM,01:12 PM,5,Moderate,Accident,Thursday,Clear,Yes
47A,Route_47A,Marina Beach,Velachery,06:22 PM,03:07 PM,24,Heavy,Signal Delay,Wednesday,Foggy,No
102,Route_102,Mount Road,Guindy,11:57 AM,04:06 AM,12,Moderate,Signal Delay,Thursday,Foggy,No
570,Route_570,Koyambedu,Tambaram,02:12 PM,03:30 PM,23,Heavy,None,Friday,Rainy,No
570,Route_570,Mount Road,Guindy,03:38 AM,06:02 PM,12,Moderate,Traffic Congestion,Monday,Stormy,Yes
5E,Route_5E,Saidapet,Ambattur,04:55 PM,08:00 PM,0,Clear,None,Tuesday,Stormy,No
570,Route_570,Koyambedu,Tambaram,06:19 AM,11:58 AM,6,Moderate,None,Sunday,Clear,No
47A,Route_47A,Koyambedu,Tambaram,02:10 PM,11:18 AM,20,Heavy,Traffic Congestion,Thursday,Stormy,No
5E,Route_5E,Adyar,T. Nagar,11:43 AM,07:48 PM,25,Heavy,None,Sunday,Foggy,No
5E,Route_5E,Koyambedu,Tambaram,11:49 PM,12:11 AM,12,Moderate,Accident,Sunday,Clear,No
21G,Route_21G,Adyar,T. Nagar,12:27 PM,01:54 PM,22,Heavy,Accident,Thursday,Foggy,No
7B,Route_7B,Koyambedu,Tambaram,07:05 AM,09:34 AM,5,Clear,Traffic Congestion,Friday,Foggy,No
102,Route_102,Mount Road,Guindy,06:11 PM,09:23 PM,22,Heavy,Accident,Sunday,Clear,No
570,Route_570,Mount Road,Guindy,06:31 PM,01:21 AM,4,Clear,Traffic Congestion,Sunday,Rainy,Yes
5E,Route_5E,Mount Road,Guindy,09:57 PM,04:55 AM,3,Clear,Traffic Congestion,Saturday,Foggy,No
102,Route_102,Mount Road,Guindy,08:57 PM,04:25 PM,13,Moderate,Signal Delay,Tuesday,Foggy,No
570,Route_570,Saidapet,Ambattur,06:25 PM,06:38 AM,2,Clear,Accident,Wednesday,Rainy,Yes
102,Route_102,Marina Beach,Velachery,12:44 PM,06:02 PM,28,Heavy,None,Wednesday,Stormy,No
7B,Route_7B,Marina Beach,Velachery,07:04 PM,03:46 AM,28,Heavy,Signal Delay,Sunday,Clear,Yes
5E,Route_5E,Mount Road,Guindy,09:59 PM,12:12 AM,21,Heavy,Traffic Congestion,Friday,Stormy,No
7B,Route_7B,Saidapet,Ambattur,11:30 PM,08:34 AM,23,Heavy,Accident,Saturday,Rainy,No
21G,Route_21G,Mount Road,Guindy,05:56 AM,05:42 AM,1,Clear,Signal Delay,Thursday,Foggy,No
23C,Route_23C,Mount Road,Guindy,03:46 AM,10:11 PM,8,Moderate,Traffic Congestion,Tuesday,Rainy,No
47A,Route_47A,Saidapet,Ambattur,10:41 PM,04:06 PM,4,Clear,Traffic Congestion,Monday,Clear,No
5E,Route_5E,Adyar,T. Nagar,01:34 AM,06:32 PM,7,Moderate,Signal Delay,Sunday,Clear,Yes
M5,Route_M5,Adyar,T. Nagar,01:56 PM,12:45 AM,9,Moderate,Accident,Monday,Rainy,No
7B,Route_7B,Saidapet,Ambattur,01:29 AM,10:58 AM,22,Heavy,Traffic Congestion,Monday,Stormy,No
23C,Route_23C,Mount Road,Guindy,03:59 AM,01:44 PM,9,Moderate,Traffic Congestion,Monday,Stormy,No
5E,Route_5E,Saidapet,Ambattur,07:09 PM,08:00 PM,27,Heavy,None,Wednesday,Stormy,No
47A,Route_47A,Marina Beach,Velachery,04:29 PM,04:49 AM,19,Heavy,None,Thursday,Rainy,Yes
5E,Route_5E,Marina Beach,Velachery,03:23 PM,04:37 AM,5,Clear,Signal Delay,Sunday,Stormy,Yes
570,Route_570,Adyar,T. Nagar,04:01 PM,07:04 PM,20,Heavy,None,Thursday,Foggy,No
7B,Route_7B,Koyambedu,Tambaram,07:57 AM,02:03 AM,14,Moderate,None,Saturday,Clear,Yes
5E,Route_5E,Koyambedu,Tambaram,02:23 AM,09:03 PM,18,Heavy,Traffic Congestion,Wednesday,Rainy,No
47A,Route_47A,Mount Road,Guindy,01:19 AM,09:19 PM,12,Moderate,Traffic Congestion,Thursday,Clear,Yes
7B,Route_7B,Adyar,T. Nagar,04:22 AM,04:28 PM,3,Clear,None,Thursday,Rainy,No
21G,Route_21G,Adyar,T. Nagar,09:49 AM,06:31 AM,7,Moderate,Signal Delay,Sunday,Stormy,No
47A,Route_47A,Saidapet,Ambattur,09:04 PM,02:33 AM,4,Clear,Traffic Congestion,Saturday,Foggy,No
M5,Route_M5,Saidapet,Ambattur,09:35 PM,05:44 AM,5,Clear,Accident,Sunday,Foggy,No
7B,Route_7B,Marina Beach,Velachery,11:08 AM,05:03 AM,13,Moderate,Accident,Monday,Foggy,No
23C,Route_23C,Koyambedu,Tambaram,10:22 PM,12:01 AM,23,Heavy,Accident,Sunday,Stormy,Yes
M5,Route_M5,Marina Beach,Velachery,04:47 AM,11:12 PM,23,Heavy,None,Wednesday,Rainy,No
21G,Route_21G,Adyar,T. Nagar,09:45 PM,10:50 PM,21,Heavy,Signal Delay,Friday,Foggy,No
102,Route_102,Saidapet,Ambattur,04:10 AM,07:16 PM,1,Clear,Traffic Congestion,Tuesday,Rainy,No
M5,Route_M5,Marina Beach,Velachery,09:26 AM,01:35 PM,2,Clear,Traffic Congestion,Sunday,Rainy,No
570,Route_570,Marina Beach,Velachery,01:52 AM,09:58 PM,17,Heavy,Accident,Thursday,Foggy,Yes
47A,Route_47A,Mount Road,Guindy,03:57 AM,01:48 AM,30,Heavy,None,Friday,Rainy,No
23C,Route_23C,Koyambedu,Tambaram,01:07 AM,08:09 PM,3,Clear,Traffic Congestion,Monday,Foggy,No
5E,Route_5E,Mount Road,Guindy,03:31 AM,08:38 PM,1,Clear,Signal Delay,Thursday,Clear,No
M5,Route_M5,Mount Road,Guindy,04:47 PM,05:41 AM,20,Heavy,None,Friday,Rainy,No
23C,Route_23C,Saidapet,Ambattur,12:06 AM,04:29 AM,4,Clear,Signal Delay,Saturday,Stormy,No
M5,Route_M5,Koyambedu,Tambaram,01:43 AM,12:55 PM,5,Moderate,None,Thursday,Foggy,Yes
23C,Route_23C,Adyar,T. Nagar,04:13 AM,03:00 AM,21,Heavy,None,Wednesday,Clear,No
570,Route_570,Koyambedu,Tambaram,08:47 PM,09:41 PM,4,Clear,Signal Delay,Thursday,Foggy,No
23C,Route_23C,Adyar,T. Nagar,01:10 AM,03:39 PM,27,Heavy,Accident,Monday,Foggy,No
23C,Route_23C,Adyar,T. Nagar,05:01 AM,11:57 PM,1,Clear,Accident,Thursday,Rainy,No
5E,Route_5E,Adyar,T. Nagar,10:39 AM,07:04 AM,10,Moderate,Signal Delay,Thursday,Clear,No
M5,Route_M5,Saidapet,Ambattur,10:15 PM,10:20 PM,23,Heavy,Signal Delay,Monday,Foggy,Yes
47A,Route_47A,Marina Beach,Velachery,08:18 PM,04:41 AM,17,Heavy,Traffic Congestion,Friday,Stormy,No
23C,Route_23C,Saidapet,Ambattur,07:27 PM,02:47 PM,25,Heavy,Signal Delay,Tuesday,Rainy,No
102,Route_102,Mount Road,Guindy,07:53 AM,04:16 PM,24,Heavy,Traffic Congestion,Monday,Foggy,No
M5,Route_M5,Adyar,T. Nagar,08:36 PM,07:16 AM,12,Moderate,Traffic Congestion,Saturday,Foggy,No
47A,Route_47A,Adyar,T. Nagar,02:02 PM,03:46 PM,13,Moderate,Accident,Thursday,Stormy,Yes
7B,Route_7B,Marina Beach,Velachery,02:20 PM,06:54 AM,8,Moderate,Traffic Congestion,Friday,Foggy,Yes
21G,Route_21G,Marina Beach,Velachery,07:16 AM,09:39 PM,13,Moderate,Signal Delay,Tuesday,Stormy,Yes
570,Route_570,Mount Road,Guindy,10:00 AM,12:07 AM,5,Clear,None,Saturday,Clear,No
M5,Route_M5,Koyambedu,Tambaram,01:19 PM,05:57 PM,13,Moderate,None,Tuesday,Foggy,No
47A,Route_47A,Adyar,T. Nagar,09:21 AM,09:59 PM,19,Heavy,Traffic Congestion,Wednesday,Clear,No
M5,Route_M5,Adyar,T. Nagar,05:12 AM,06:49 PM,28,Heavy,Signal Delay,Saturday,Foggy,Yes
21G,Route_21G,Adyar,T. Nagar,10:50 AM,05:47 PM,26,Heavy,Signal Delay,Monday,Rainy,No
23C,Route_23C,Marina Beach,Velachery,11:51 AM,10:51 AM,30,Heavy,Signal Delay,Friday,Foggy,No
570,Route_570,Adyar,T. Nagar,09:24 AM,08:36 PM,14,Moderate,Signal Delay,Tuesday,Rainy,Yes
M5,Route_M5,Koyambedu,Tambaram,02:20 AM,02:30 AM,9,Moderate,Traffic Congestion,Saturday,Clear,Yes
23C,Route_23C,Koyambedu,Tambaram,11:13 PM,08:58 PM,9,Moderate,Traffic Congestion,Saturday,Rainy,No
M5,Route_M5,Adyar,T. Nagar,11:35 PM,05:08 PM,5,Clear,Signal Delay,Sunday,Foggy,No
21G,Route_21G,Koyambedu,Tambaram,03:24 PM,04:09 AM,2,Clear,Signal Delay,Friday,Rainy,No
5E,Route_5E,Saidapet,Ambattur,06:19 PM,12:34 PM,4,Clear,None,Thursday,Stormy,No
5E,Route_5E,Mount Road,Guindy,07:38 PM,01:03 PM,7,Moderate,Signal Delay,Sunday,Foggy,No
7B,Route_7B,Koyambedu,Tambaram,12:26 PM,11:29 AM,23,Heavy,None,Thursday,Rainy,No
47A,Route_47A,Saidapet,Ambattur,01:30 AM,12:00 PM,14,Moderate,Traffic Congestion,Thursday,Stormy,No
47A,Route_47A,Marina Beach,Velachery,06:52 PM,09:09 PM,19,Heavy,Traffic Congestion,Monday,Foggy,No
23C,Route_23C,Adyar,T. Nagar,07:20 AM,05:38 AM,5,Moderate,Accident,Tuesday,Clear,No
7B,Route_7B,Mount Road,Guindy,01:18 PM,07:42 AM,1,Clear,None,Saturday,Stormy,No
102,Route_102,Adyar,T. Nagar,05:29 AM,11:13 PM,1,Clear,None,Friday,Foggy,No
47A,Route_47A,Saidapet,Ambattur,02:07 PM,05:04 AM,2,Clear,Signal Delay,Wednesday,Rainy,Yes
102,Route_102,Koyambedu,Tambaram,02:33 PM,12:21 AM,21,Heavy,None,Monday,Stormy,No
7B,Route_7B,Adyar,T. Nagar,11:10 AM,03:31 PM,17,Heavy,None,Monday,Foggy,No
M5,Route_M5,Adyar,T. Nagar,09:08 PM,07:28 AM,1,Clear,None,Monday,Foggy,Yes
5E,Route_5E,Marina Beach,Velachery,04:49 AM,01:42 AM,2,Clear,None,Thursday,Foggy,No
M5,Route_M5,Adyar,T. Nagar,01:19 PM,07:37 AM,19,Heavy,Signal Delay,Monday,Rainy,No
570,Route_570,Marina Beach,Velachery,08:19 PM,06:18 PM,5,Clear,Signal Delay,Sunday,Rainy,No
21G,Route_21G,Marina Beach,Velachery,03:53 PM,11:05 AM,5,Clear,Accident,Friday,Rainy,No
M5,Route_M5,Marina Beach,Velachery,05:32 PM,03:28 PM,26,Heavy,Accident,Wednesday,Clear,No
102,Route_102,Adyar,T. Nagar,05:22 PM,02:46 AM,5,Clear,Traffic Congestion,Friday,Stormy,Yes
47A,Route_47A,Saidapet,Ambattur,07:10 PM,01:09 PM,27,Heavy,Traffic Congestion,Sunday,Rainy,No
21G,Route_21G,Koyambedu,Tambaram,05:41 PM,02:26 AM,5,Clear,Signal Delay,Wednesday,Clear,No
7B,Route_7B,Adyar,T. Nagar,06:30 PM,07:42 PM,2,Clear,Traffic Congestion,Saturday,Foggy,No
21G,Route_21G,Adyar,T. Nagar,04:11 AM,11:21 AM,3,Clear,Accident,Wednesday,Clear,No
M5,Route_M5,Adyar,T. Nagar,12:05 AM,09:26 AM,14,Moderate,Traffic Congestion,Friday,Foggy,No
23C,Route_23C,Koyambedu,Tambaram,06:31 PM,03:59 PM,5,Clear,Signal Delay,Sunday,Foggy,Yes
7B,Route_7B,Koyambedu,Tambaram,11:40 AM,05:33 PM,5,Clear,None,Wednesday,Foggy,No
23C,Route_23C,Mount Road,Guindy,04:13 AM,07:41 PM,1,Clear,Traffic Congestion,Tuesday,Rainy,No
570,Route_570,Adyar,T. Nagar,03:48 PM,06:46 AM,16,Heavy,Traffic Congestion,Tuesday,Clear,No
M5,Route_M5,Mount Road,Guindy,07:37 AM,07:48 PM,5,Clear,Accident,Tuesday,Stormy,No
23C,Route_23C,Mount Road,Guindy,12:06 AM,10:24 PM,26,Heavy,Traffic Congestion,Tuesday,Foggy,No
M5,Route_M5,Saidapet,Ambattur,01:02 PM,11:41 AM,2,Clear,Traffic Congestion,Thursday,Foggy,No
23C,Route_23C,Mount Road,Guindy,12:31 PM,10:10 PM,4,Clear,Traffic Congestion,Friday,Clear,No
570,Route_570,Adyar,T. Nagar,11:24 PM,08:11 AM,1,Clear,None,Wednesday,Foggy,No
7B,Route_7B,Koyambedu,Tambaram,03:57 PM,11:15 AM,12,Moderate,None,Monday,Rainy,No
47A,Route_47A,Marina Beach,Velachery,07:14 AM,01:00 PM,5,Moderate,None,Monday,Rainy,Yes
7B,Route_7B,Adyar,T. Nagar,11:28 AM,03:12 PM,13,Moderate,None,Monday,Foggy,No
5E,Route_5E,Mount Road,Guindy,03:12 AM,09:13 PM,10,Moderate,Signal Delay,Sunday,Rainy,Yes
7B,Route_7B,Adyar,T. Nagar,01:17 PM,07:50 AM,5,Clear,Traffic Congestion,Wednesday,Clear,No
7B,Route_7B,Saidapet,Ambattur,09:03 PM,11:35 PM,14,Moderate,None,Thursday,Clear,Yes
7B,Route_7B,Koyambedu,Tambaram,02:37 PM,05:00 AM,15,Moderate,Signal Delay,Monday,Clear,No
23C,Route_23C,Koyambedu,Tambaram,12:22 PM,08:30 PM,19,Heavy,Traffic Congestion,Friday,Foggy,No
5E,Route_5E,Koyambedu,Tambaram,09:29 AM,02:02 PM,7,Moderate,Traffic Congestion,Tuesday,Rainy,No
23C,Route_23C,Mount Road,Guindy,05:19 PM,09:55 AM,4,Clear,Signal Delay,Thursday,Clear,No
7B,Route_7B,Koyambedu,Tambaram,06:48 AM,04:07 PM,18,Heavy,Signal Delay,Wednesday,Rainy,No
102,Route_102,Koyambedu,Tambaram,08:46 PM,03:04 PM,17,Heavy,Traffic Congestion,Saturday,Clear,No
102,Route_102,Marina Beach,Velachery,11:58 AM,01:22 AM,20,Heavy,Signal Delay,Thursday,Foggy,No
7B,Route_7B,Adyar,T. Nagar,07:01 PM,02:46 AM,27,Heavy,Signal Delay,Thursday,Foggy,Yes
23C,Route_23C,Mount Road,Guindy,12:48 AM,05:38 PM,5,Moderate,Signal Delay,Thursday,Stormy,Yes
7B,Route_7B,Mount Road,Guindy,08:29 AM,06:48 AM,18,Heavy,Accident,Sunday,Rainy,Yes
7B,Route_7B,Adyar,T. Nagar,06:15 PM,02:51 AM,15,Moderate,None,Monday,Clear,No
102,Route_102,Mount Road,Guindy,02:44 PM,07:28 AM,3,Clear,Signal Delay,Monday,Rainy,No
102,Route_102,Marina Beach,Velachery,01:11 AM,01:19 AM,3,Clear,Signal Delay,Sunday,Rainy,No
23C,Route_23C,Koyambedu,Tambaram,08:32 PM,07:08 AM,0,Clear,None,Wednesday,Foggy,No
5E,Route_5E,Adyar,T. Nagar,07:16 PM,09:31 PM,5,Clear,Signal Delay,Saturday,Rainy,No
21G,Route_21G,Adyar,T. Nagar,11:19 AM,01:57 AM,27,Heavy,Accident,Saturday,Stormy,No
M5,Route_M5,Mount Road,Guindy,01:28 PM,10:46 PM,6,Moderate,Traffic Congestion,Monday,Clear,No
M5,Route_M5,Mount Road,Guindy,02:21 PM,06:37 PM,2,Clear,None,Sunday,Clear,Yes
570,Route_570,Marina Beach,Velachery,04:47 AM,01:34 PM,16,Heavy,None,Sunday,Rainy,No
M5,Route_M5,Adyar,T. Nagar,03:19 PM,11:26 PM,23,Heavy,Accident,Saturday,Foggy,No
5E,Route_5E,Saidapet,Ambattur,04:45 PM,05:03 PM,4,Clear,None,Monday,Clear,No
23C,Route_23C,Mount Road,Guindy,06:19 PM,02:22 PM,19,Heavy,Traffic Congestion,Sunday,Stormy,No
47A,Route_47A,Mount Road,Guindy,10:41 AM,04:04 AM,28,Heavy,Signal Delay,Sunday,Stormy,No
7B,Route_7B,Adyar,T. Nagar,06:44 AM,06:41 AM,0,Clear,None,Sunday,Clear,No
102,Route_102,Adyar,T. Nagar,02:17 AM,11:18 AM,29,Heavy,Signal Delay,Sunday,Clear,No
23C,Route_23C,Saidapet,Ambattur,07:38 PM,11:27 PM,0,Clear,None,Saturday,Stormy,No
M5,Route_M5,Adyar,T. Nagar,09:55 PM,10:46 PM,13,Moderate,Accident,Monday,Stormy,Yes
23C,Route_23C,Mount Road,Guindy,06:48 AM,08:02 AM,14,Moderate,Traffic Congestion,Tuesday,Rainy,No
23C,Route_23C,Koyambedu,Tambaram,11:09 PM,12:19 AM,27,Heavy,None,Sunday,Rainy,Yes
47A,Route_47A,Adyar,T. Nagar,11:03 AM,11:46 PM,25,Heavy,None,Friday,Clear,No
570,Route_570,Mount Road,Guindy,11:45 PM,02:55 AM,26,Heavy,Accident,Monday,Clear,No
23C,Route_23C,Saidapet,Ambattur,05:07 PM,05:09 PM,30,Heavy,Accident,Monday,Stormy,No
102,Route_102,Saidapet,Ambattur,12:51 AM,09:38 AM,3,Clear,None,Monday,Stormy,No
5E,Route_5E,Adyar,T. Nagar,10:03 PM,04:06 PM,15,Moderate,Signal Delay,Saturday,Clear,No
21G,Route_21G,Koyambedu,Tambaram,08:16 AM,06:22 AM,2,Clear,None,Monday,Clear,No
5E,Route_5E,Adyar,T. Nagar,08:35 PM,02:37 PM,21,Heavy,None,Sunday,Rainy,No
21G,Route_21G,Adyar,T. Nagar,07:11 PM,02:55 AM,9,Moderate,Signal Delay,Monday,Rainy,No
M5,Route_M5,Marina Beach,Velachery,08:43 PM,02:07 AM,19,Heavy,None,Thursday,Clear,No
102,Route_102,Saidapet,Ambattur,11:45 AM,06:06 PM,5,Clear,Traffic Congestion,Saturday,Stormy,No
5E,Route_5E,Mount Road,Guindy,09:49 AM,09:07 AM,10,Moderate,Accident,Tuesday,Clear,Yes
M5,Route_M5,Adyar,T. Nagar,07:02 AM,10:07 PM,15,Moderate,Accident,Monday,Clear,No
M5,Route_M5,Mount Road,Guindy,03:05 PM,10:48 AM,25,Heavy,Traffic Congestion,Saturday,Clear,No
570,Route_570,Saidapet,Ambattur,03:40 PM,03:03 PM,7,Moderate,Accident,Monday,Foggy,No
21G,Route_21G,Mount Road,Guindy,01:25 AM,03:52 AM,23,Heavy,Signal Delay,Thursday,Foggy,No
47A,Route_47A,Koyambedu,Tambaram,07:45 AM,01:05 AM,18,Heavy,Accident,Tuesday,Rainy,No
M5,Route_M5,Mount Road,Guindy,02:24 PM,10:22 PM,4,Clear,Accident,Sunday,Foggy,No
M5,Route_M5,Saidapet,Ambattur,07:03 PM,05:09 AM,29,Heavy,Signal Delay,Friday,Stormy,No
21G,Route_21G,Mount Road,Guindy,11:39 AM,06:09 AM,1,Clear,Accident,Tuesday,Stormy,No
47A,Route_47A,Mount Road,Guindy,11:29 PM,07:05 PM,6,Moderate,Signal Delay,Saturday,Clear,No
21G,Route_21G,Saidapet,Ambattur,07:58 PM,02:36 AM,3,Clear,None,Tuesday,Clear,No
5E,Route_5E,Mount Road,Guindy,10:15 PM,08:58 AM,0,Clear,None,Wednesday,Stormy,No
102,Route_102,Adyar,T. Nagar,12:36 PM,08:53 AM,15,Heavy,Signal Delay,Friday,Clear,Yes
7B,Route_7B,Marina Beach,Velachery,01:48 PM,09:19 PM,5,Moderate,Signal Delay,Monday,Rainy,No
47A,Route_47A,Adyar,T. Nagar,05:31 PM,04:57 PM,22,Heavy,Traffic Congestion,Thursday,Rainy,No
47A,Route_47A,Mount Road,Guindy,11:00 AM,08:17 PM,0,Clear,None,Wednesday,Rainy,No
47A,Route_47A,Marina Beach,Velachery,05:27 PM,07:18 PM,5,Clear,None,Friday,Foggy,No
7B,Route_7B,Saidapet,Ambattur,02:05 AM,11:19 AM,1,Clear,Traffic Congestion,Saturday,Clear,No
M5,Route_M5,Adyar,T. Nagar,06:43 PM,08:05 AM,23,Heavy,Accident,Monday,Foggy,No
570,Route_570,Koyambedu,Tambaram,02:06 AM,11:56 AM,15,Moderate,Accident,Saturday,Stormy,No
7B,Route_7B,Marina Beach,Velachery,09:26 PM,01:30 AM,3,Clear,Signal Delay,Tuesday,Foggy,No
M5,Route_M5,Marina Beach,Velachery,11:50 AM,06:13 AM,0,Clear,None,Wednesday,Rainy,No
7B,Route_7B,Adyar,T. Nagar,08:29 PM,05:44 AM,21,Heavy,Accident,Saturday,Rainy,Yes
47A,Route_47A,Adyar,T. Nagar,05:45 AM,10:00 AM,28,Heavy,Accident,Thursday,Clear,No
570,Route_570,Saidapet,Ambattur,11:05 PM,11:41 PM,0,Clear,None,Saturday,Rainy,No
102,Route_102,Saidapet,Ambattur,01:29 AM,04:11 AM,28,Heavy,Traffic Congestion,Wednesday,Rainy,Yes
21G,Route_21G,Koyambedu,Tambaram,11:50 AM,04:17 PM,4,Clear,Traffic Congestion,Wednesday,Foggy,No
M5,Route_M5,Mount Road,Guindy,06:39 AM,04:16 AM,5,Moderate,Accident,Sunday,Rainy,No
47A,Route_47A,Adyar,T. Nagar,06:20 PM,11:06 AM,15,Heavy,Signal Delay,Wednesday,Foggy,No
23C,Route_23C,Saidapet,Ambattur,02:39 PM,06:13 PM,6,Moderate,Accident,Tuesday,Rainy,No
7B,Route_7B,Adyar,T. Nagar,02:26 AM,02:00 AM,10,Moderate,Accident,Sunday,Rainy,Yes
47A,Route_47A,Marina Beach,Velachery,04:29 AM,04:31 PM,27,Heavy,Signal Delay,Monday,Stormy,No
570,Route_570,Saidapet,Ambattur,11:43 PM,02:19 PM,0,Clear,None,Sunday,Foggy,No
570,Route_570,Mount Road,Guindy,03:24 PM,08:24 AM,28,Heavy,Traffic Congestion,Saturday,Clear,No
21G,Route_21G,Adyar,T. Nagar,09:16 AM,10:43 AM,5,Moderate,Traffic Congestion,Wednesday,Stormy,No
5E,Route_5E,Koyambedu,Tambaram,09:16 PM,08:42 AM,23,Heavy,Traffic Congestion,Monday,Rainy,No
102,Route_102,Koyambedu,Tambaram,07:16 PM,05:22 PM,6,Moderate,Traffic Congestion,Tuesday,Foggy,No
47A,Route_47A,Mount Road,Guindy,06:58 AM,09:37 PM,8,Moderate,Signal Delay,Sunday,Foggy,No
102,Route_102,Marina Beach,Velachery,05:51 AM,09:21 PM,20,Heavy,Traffic Congestion,Friday,Rainy,Yes
21G,Route_21G,Saidapet,Ambattur,05:48 PM,03:27 AM,2,Clear,Accident,Friday,Foggy,Yes
47A,Route_47A,Mount Road,Guindy,01:49 AM,02:41 PM,14,Moderate,None,Wednesday,Rainy,No
47A,Route_47A,Saidapet,Ambattur,06:11 PM,11:26 AM,17,Heavy,Signal Delay,Monday,Rainy,No
47A,Route_47A,Mount Road,Guindy,06:42 AM,10:55 AM,1,Clear,Signal Delay,Monday,Rainy,Yes
7B,Route_7B,Mount Road,Guindy,07:02 AM,05:53 AM,1,Clear,Signal Delay,Tuesday,Stormy,No
102,Route_102,Koyambedu,Tambaram,07:18 AM,07:28 AM,0,Clear,None,Friday,Foggy,No
47A,Route_47A,Koyambedu,Tambaram,11:58 PM,07:10 AM,4,Clear,None,Saturday,Foggy,Yes
M5,Route_M5,Adyar,T. Nagar,12:53 AM,02:33 PM,5,Moderate,Signal Delay,Saturday,Clear,No
M5,Route_M5,Mount Road,Guindy,01:17 AM,01:03 AM,2,Clear,Accident,Monday,Clear,No
102,Route_102,Mount Road,Guindy,09:42 PM,04:47 PM,14,Moderate,None,Saturday,Stormy,No
47A,Route_47A,Marina Beach,Velachery,12:20 AM,01:51 AM,1,Clear,Traffic Congestion,Thursday,Rainy,Yes
102,Route_102,Mount Road,Guindy,06:28 PM,06:41 PM,13,Moderate,Accident,Wednesday,Stormy,No
47A,Route_47A,Saidapet,Ambattur,08:10 PM,04:11 PM,5,Moderate,Accident,Tuesday,Rainy,No
102,Route_102,Mount Road,Guindy,09:10 AM,03:20 PM,17,Heavy,Signal Delay,Saturday,Stormy,No
47A,Route_47A,Saidapet,Ambattur,01:29 PM,02:28 PM,23,Heavy,None,Monday,Rainy,Yes
23C,Route_23C,Marina Beach,Velachery,11:53 PM,12:18 PM,22,Heavy,Signal Delay,Monday,Stormy,No
7B,Route_7B,Adyar,T. Nagar,06:55 PM,07:07 PM,6,Moderate,Signal Delay,Thursday,Foggy,No
570,Route_570,Saidapet,Ambattur,04:25 PM,08:04 AM,18,Heavy,None,Saturday,Clear,No
102,Route_102,Saidapet,Ambattur,07:04 PM,08:15 PM,14,Moderate,None,Monday,Rainy,No
47A,Route_47A,Mount Road,Guindy,01:36 AM,12:20 AM,11,Moderate,None,Monday,Clear,No
47A,Route_47A,Mount Road,Guindy,07:35 AM,02:19 AM,30,Heavy,Traffic Congestion,Friday,Clear,No
102,Route_102,Koyambedu,Tambaram,11:59 PM,05:31 PM,24,Heavy,None,Sunday,Rainy,No
7B,Route_7B,Marina Beach,Velachery,01:51 AM,10:56 PM,3,Clear,None,Tuesday,Stormy,No
21G,Route_21G,Mount Road,Guindy,03:42 PM,01:44 AM,8,Moderate,Accident,Monday,Foggy,No
7B,Route_7B,Adyar,T. Nagar,03:33 PM,01:46 AM,8,Moderate,None,Monday,Rainy,No
47A,Route_47A,Mount Road,Guindy,08:03 PM,03:29 PM,25,Heavy,Signal Delay,Thursday,Foggy,No
7B,Route_7B,Adyar,T. Nagar,04:58 PM,01:23 AM,0,Clear,None,Wednesday,Foggy,No
5E,Route_5E,Marina Beach,Velachery,10:31 AM,10:31 PM,13,Moderate,Accident,Sunday,Stormy,No
7B,Route_7B,Adyar,T. Nagar,08:05 AM,02:25 PM,28,Heavy,None,Friday,Rainy,No
23C,Route_23C,Adyar,T. Nagar,04:59 PM,11:02 AM,30,Heavy,Accident,Sunday,Foggy,No
21G,Route_21G,Adyar,T. Nagar,02:36 AM,03:41 PM,27,Heavy,Signal Delay,Tuesday,Rainy,No
7B,Route_7B,Saidapet,Ambattur,04:56 PM,08:28 PM,0,Clear,None,Wednesday,Rainy,No
570,Route_570,Mount Road,Guindy,02:31 AM,05:07 AM,5,Clear,Traffic Congestion,Monday,Clear,Yes
23C,Route_23C,Saidapet,Ambattur,07:51 PM,06:10 AM,22,Heavy,Accident,Wednesday,Stormy,No
102,Route_102,Mount Road,Guindy,11:29 PM,08:19 AM,13,Moderate,Accident,Sunday,Rainy,Yes
23C,Route_23C,Marina Beach,Velachery,08:29 PM,02:23 AM,26,Heavy,Signal Delay,Friday,Foggy,No
M5,Route_M5,Koyambedu,Tambaram,03:37 PM,12:17 PM,4,Clear,Accident,Monday,Stormy,No
102,Route_102,Mount Road,Guindy,12:04 PM,07:58 AM,3,Clear,Signal Delay,Thursday,Foggy,No
102,Route_102,Marina Beach,Velachery,07:12 AM,11:01 PM,11,Moderate,Signal Delay,Wednesday,Foggy,No
570,Route_570,Koyambedu,Tambaram,07:58 PM,05:35 AM,0,Clear,None,Monday,Clear,No
7B,Route_7B,Koyambedu,Tambaram,06:08 PM,05:47 PM,19,Heavy,Accident,Wednesday,Stormy,No
21G,Route_21G,Mount Road,Guindy,07:00 PM,10:51 AM,17,Heavy,Traffic Congestion,Monday,Stormy,No
5E,Route_5E,Mount Road,Guindy,05:09 PM,04:22 AM,4,Clear,Traffic Congestion,Thursday,Clear,No
102,Route_102,Adyar,T. Nagar,02:50 AM,05:36 PM,15,Moderate,Traffic Congestion,Monday,Clear,No
21G,Route_21G,Marina Beach,Velachery,12:58 AM,05:11 PM,23,Heavy,Signal Delay,Thursday,Clear,No
102,Route_102,Adyar,T. Nagar,02:44 PM,03:12 PM,22,Heavy,Traffic Congestion,Friday,Rainy,Yes
570,Route_570,Marina Beach,Velachery,05:06 AM,03:15 PM,3,Clear,Traffic Congestion,Wednesday,Rainy,No
47A,Route_47A,Saidapet,Ambattur,01:58 PM,02:19 AM,3,Clear,Signal Delay,Saturday,Rainy,Yes
47A,Route_47A,Marina Beach,Velachery,07:06 PM,02:28 PM,10,Moderate,Signal Delay,Wednesday,Clear,Yes
5E,Route_5E,Saidapet,Ambattur,02:13 AM,10:11 AM,5,Clear,None,Tuesday,Clear,No
23C,Route_23C,Marina Beach,Velachery,08:27 AM,09:26 AM,2,Clear,Accident,Friday,Clear,No
23C,Route_23C,Saidapet,Ambattur,12:14 PM,09:18 AM,9,Moderate,Traffic Congestion,Thursday,Foggy,No
102,Route_102,Koyambedu,Tambaram,10:20 PM,11:05 PM,5,Clear,Signal Delay,Wednesday,Stormy,No
102,Route_102,Koyambedu,Tambaram,02:07 PM,08:33 AM,14,Moderate,Signal Delay,Saturday,Foggy,Yes
47A,Route_47A,Mount Road,Guindy,06:26 PM,01:37 PM,17,Heavy,Traffic Congestion,Wednesday,Rainy,No
570,Route_570,Koyambedu,Tambaram,01:17 AM,09:38 PM,7,Moderate,Traffic Congestion,Tuesday,Foggy,No
7B,Route_7B,Adyar,T. Nagar,08:29 AM,04:05 AM,16,Heavy,None,Thursday,Stormy,No
47A,Route_47A,Marina Beach,Velachery,12:59 AM,02:36 AM,0,Clear,None,Sunday,Stormy,No
102,Route_102,Adyar,T. Nagar,02:50 AM,07:10 AM,28,Heavy,Accident,Friday,Foggy,No
47A,Route_47A,Saidapet,Ambattur,07:03 PM,07:38 AM,15,Heavy,Traffic Congestion,Monday,Clear,Yes
5E,Route_5E,Mount Road,Guindy,06:17 PM,05:42 AM,5,Clear,Traffic Congestion,Tuesday,Rainy,No
7B,Route_7B,Mount Road,Guindy,11:35 PM,10:16 AM,9,Moderate,Accident,Monday,Foggy,No
M5,Route_M5,Saidapet,Ambattur,01:30 PM,06:58 PM,28,Heavy,Accident,Sunday,Stormy,No
102,Route_102,Mount Road,Guindy,08:00 PM,07:12 AM,30,Heavy,None,Monday,Foggy,No
7B,Route_7B,Adyar,T. Nagar,05:23 PM,10:54 PM,28,Heavy,None,Friday,Rainy,No
47A,Route_47A,Adyar,T. Nagar,03:59 PM,08:35 AM,19,Heavy,Traffic Congestion,Saturday,Foggy,No
23C,Route_23C,Adyar,T. Nagar,01:01 AM,12:15 AM,19,Heavy,None,Sunday,Foggy,Yes
M5,Route_M5,Saidapet,Ambattur,12:02 PM,06:15 AM,5,Moderate,Signal Delay,Friday,Clear,No
102,Route_102,Marina Beach,Velachery,03:41 PM,01:03 PM,3,Clear,Traffic Congestion,Monday,Foggy,No
7B,Route_7B,Koyambedu,Tambaram,12:41 PM,08:02 AM,0,Clear,None,Wednesday,Rainy,No
23C,Route_23C,Koyambedu,Tambaram,02:57 AM,03:55 AM,12,Moderate,Signal Delay,Tuesday,Rainy,Yes
47A,Route_47A,Adyar,T. Nagar,06:59 PM,07:58 AM,16,Heavy,Traffic Congestion,Friday,Foggy,Yes
102,Route_102,Koyambedu,Tambaram,01:11 PM,12:09 AM,21,Heavy,Traffic Congestion,Monday,Rainy,No
570,Route_570,Adyar,T. Nagar,09:17 PM,04:19 AM,1,Clear,Accident,Monday,Rainy,Yes
5E,Route_5E,Koyambedu,Tambaram,03:35 PM,08:54 AM,0,Clear,None,Wednesday,Foggy,No
M5,Route_M5,Koyambedu,Tambaram,02:48 AM,03:39 PM,22,Heavy,Accident,Friday,Stormy,No
102,Route_102,Mount Road,Guindy,04:47 PM,04:28 AM,10,Moderate,Accident,Friday,Stormy,No
7B,Route_7B,Saidapet,Ambattur,04:50 AM,09:01 AM,7,Moderate,None,Sunday,Stormy,No
102,Route_102,Saidapet,Ambattur,06:45 PM,05:15 AM,20,Heavy,None,Tuesday,Clear,No
5E,Route_5E,Saidapet,Ambattur,06:27 PM,05:53 PM,5,Clear,None,Saturday,Rainy,No
102,Route_102,Saidapet,Ambattur,09:29 PM,01:41 AM,18,Heavy,Signal Delay,Saturday,Rainy,No
5E,Route_5E,Marina Beach,Velachery,07:55 AM,06:46 AM,20,Heavy,Traffic Congestion,Monday,Clear,Yes
47A,Route_47A,Saidapet,Ambattur,10:51 AM,04:00 PM,3,Clear,Signal Delay,Wednesday,Clear,No
5E,Route_5E,Koyambedu,Tambaram,08:50 AM,12:39 AM,24,Heavy,Signal Delay,Sunday,Foggy,No
7B,Route_7B,Mount Road,Guindy,06:14 AM,11:13 AM,3,Clear,Accident,Tuesday,Foggy,No
5E,Route_5E,Saidapet,Ambattur,08:42 AM,03:11 AM,4,Clear,None,Sunday,Rainy,No
5E,Route_5E,Mount Road,Guindy,07:50 PM,11:43 PM,28,Heavy,None,Saturday,Foggy,No
5E,Route_5E,Koyambedu,Tambaram,11:11 AM,04:29 PM,2,Clear,None,Wednesday,Clear,No
5E,Route_5E,Marina Beach,Velachery,07:52 PM,12:37 PM,10,Moderate,Traffic Congestion,Friday,Stormy,No
23C,Route_23C,Koyambedu,Tambaram,08:52 PM,12:59 AM,5,Moderate,Accident,Wednesday,Clear,No
23C,Route_23C,Adyar,T. Nagar,05:01 PM,03:26 AM,15,Heavy,Accident,Thursday,Clear,No
23C,Route_23C,Marina Beach,Velachery,07:01 AM,05:58 PM,4,Clear,Signal Delay,Tuesday,Foggy,No
23C,Route_23C,Adyar,T. Nagar,08:58 AM,04:35 AM,4,Clear,Signal Delay,Monday,Rainy,No
21G,Route_21G,Marina Beach,Velachery,05:44 AM,03:54 AM,10,Moderate,Traffic Congestion,Wednesday,Stormy,No
23C,Route_23C,Mount Road,Guindy,01:14 PM,04:26 AM,20,Heavy,Traffic Congestion,Wednesday,Foggy,No
5E,Route_5E,Koyambedu,Tambaram,09:53 AM,09:21 AM,10,Moderate,None,Thursday,Stormy,No
47A,Route_47A,Saidapet,Ambattur,03:43 PM,07:17 PM,11,Moderate,Traffic Congestion,Tuesday,Foggy,Yes
5E,Route_5E,Marina Beach,Velachery,09:12 PM,04:48 AM,4,Clear,Signal Delay,Monday,Clear,No
7B,Route_7B,Koyambedu,Tambaram,06:41 AM,12:03 AM,0,Clear,None,Sunday,Clear,No
M5,Route_M5,Saidapet,Ambattur,07:33 PM,05:14 PM,14,Moderate,Signal Delay,Wednesday,Foggy,No
23C,Route_23C,Koyambedu,Tambaram,10:50 PM,03:42 PM,2,Clear,Traffic Congestion,Wednesday,Rainy,Yes
23C,Route_23C,Koyambedu,Tambaram,05:36 PM,03:05 AM,20,Heavy,Traffic Congestion,Sunday,Stormy,Yes
23C,Route_23C,Koyambedu,Tambaram,09:28 PM,09:51 PM,15,Moderate,Accident,Wednesday,Stormy,No
23C,Route_23C,Adyar,T. Nagar,11:39 AM,05:36 PM,11,Moderate,Accident,Monday,Foggy,No
102,Route_102,Koyambedu,Tambaram,12:21 AM,08:21 AM,5,Clear,Signal Delay,Saturday,Clear,No
570,Route_570,Saidapet,Ambattur,06:22 AM,03:12 AM,1,Clear,Traffic Congestion,Wednesday,Rainy,Yes
M5,Route_M5,Mount Road,Guindy,07:34 AM,04:11 PM,13,Moderate,Signal Delay,Sunday,Rainy,No
7B,Route_7B,Mount Road,Guindy,08:26 PM,06:35 PM,8,Moderate,Signal Delay,Tuesday,Rainy,No
570,Route_570,Mount Road,Guindy,10:28 PM,01:35 PM,6,Moderate,Accident,Friday,Stormy,No
5E,Route_5E,Koyambedu,Tambaram,01:59 AM,02:33 AM,2,Clear,Traffic Congestion,Thursday,Foggy,No
570,Route_570,Koyambedu,Tambaram,04:14 PM,10:14 PM,23,Heavy,Traffic Congestion,Sunday,Clear,Yes
570,Route_570,Koyambedu,Tambaram,04:26 PM,12:26 AM,4,Clear,None,Monday,Stormy,No
21G,Route_21G,Marina Beach,Velachery,01:58 AM,10:06 AM,3,Clear,Traffic Congestion,Saturday,Clear,No
23C,Route_23C,Adyar,T. Nagar,08:39 AM,06:17 PM,16,Heavy,Traffic Congestion,Saturday,Rainy,Yes
7B,Route_7B,Adyar,T. Nagar,04:44 AM,03:40 AM,26,Heavy,Traffic Congestion,Tuesday,Foggy,No
23C,Route_23C,Marina Beach,Velachery,10:19 PM,06:49 PM,2,Clear,Signal Delay,Sunday,Stormy,Yes
102,Route_102,Saidapet,Ambattur,09:43 AM,09:01 PM,3,Clear,Traffic Congestion,Sunday,Rainy,No
570,Route_570,Koyambedu,Tambaram,08:42 PM,01:57 AM,27,Heavy,None,Friday,Rainy,No
7B,Route_7B,Saidapet,Ambattur,11:49 AM,11:00 PM,7,Moderate,None,Saturday,Rainy,No
47A,Route_47A,Mount Road,Guindy,11:25 AM,06:06 AM,0,Clear,None,Saturday,Foggy,No
23C,Route_23C,Adyar,T. Nagar,04:29 AM,08:10 AM,5,Clear,Traffic Congestion,Thursday,Foggy,No
47A,Route_47A,Marina Beach,Velachery,09:52 PM,05:47 PM,19,Heavy,Traffic Congestion,Wednesday,Stormy,No
M5,Route_M5,Adyar,T. Nagar,01:52 AM,06:40 AM,1,Clear,Traffic Congestion,Tuesday,Clear,Yes
7B,Route_7B,Adyar,T. Nagar,10:21 PM,12:25 AM,12,Moderate,Accident,Wednesday,Stormy,No
7B,Route_7B,Koyambedu,Tambaram,10:10 PM,06:28 AM,5,Moderate,None,Friday,Foggy,No
M5,Route_M5,Mount Road,Guindy,02:50 AM,07:43 AM,5,Clear,None,Sunday,Foggy,No
5E,Route_5E,Marina Beach,Velachery,03:43 PM,03:07 AM,3,Clear,Traffic Congestion,Sunday,Stormy,No
23C,Route_23C,Koyambedu,Tambaram,11:00 PM,05:10 PM,4,Clear,Signal Delay,Wednesday,Stormy,Yes
23C,Route_23C,Adyar,T. Nagar,05:36 PM,07:25 PM,24,Heavy,None,Wednesday,Clear,Yes
102,Route_102,Adyar,T. Nagar,03:14 AM,08:12 PM,16,Heavy,None,Friday,Clear,No
5E,Route_5E,Adyar,T. Nagar,08:58 AM,03:13 AM,1,Clear,Traffic Congestion,Wednesday,Foggy,Yes
23C,Route_23C,Mount Road,Guindy,05:24 PM,01:36 AM,15,Moderate,Traffic Congestion,Thursday,Clear,No
570,Route_570,Marina Beach,Velachery,07:01 AM,07:32 PM,6,Moderate,Traffic Congestion,Saturday,Foggy,No
570,Route_570,Mount Road,Guindy,09:07 PM,08:03 PM,20,Heavy,Accident,Monday,Foggy,No
47A,Route_47A,Adyar,T. Nagar,08:20 AM,12:37 AM,11,Moderate,Accident,Tuesday,Foggy,No
23C,Route_23C,Saidapet,Ambattur,09:55 PM,07:43 AM,20,Heavy,Accident,Monday,Clear,No
47A,Route_47A,Koyambedu,Tambaram,03:54 PM,12:23 PM,5,Clear,Accident,Thursday,Clear,No
570,Route_570,Saidapet,Ambattur,04:11 AM,08:15 AM,30,Heavy,Traffic Congestion,Thursday,Foggy,No
23C,Route_23C,Mount Road,Guindy,04:42 AM,02:33 AM,5,Clear,Accident,Wednesday,Clear,No
5E,Route_5E,Adyar,T. Nagar,11:50 PM,10:58 PM,27,Heavy,Accident,Friday,Rainy,Yes
570,Route_570,Marina Beach,Velachery,10:59 AM,11:34 AM,18,Heavy,Traffic Congestion,Thursday,Foggy,No
M5,Route_M5,Koyambedu,Tambaram,08:05 PM,10:19 PM,8,Moderate,Signal Delay,Sunday,Foggy,No
7B,Route_7B,Adyar,T. Nagar,07:27 AM,04:32 PM,14,Moderate,Signal Delay,Saturday,Foggy,No
21G,Route_21G,Marina Beach,Velachery,01:30 AM,04:20 AM,30,Heavy,Traffic Congestion,Thursday,Clear,No
23C,Route_23C,Saidapet,Ambattur,06:39 AM,01:12 PM,20,Heavy,Accident,Friday,Rainy,No
47A,Route_47A,Marina Beach,Velachery,04:30 PM,10:15 AM,9,Moderate,Signal Delay,Thursday,Rainy,No
M5,Route_M5,Adyar,T. Nagar,06:28 PM,06:18 PM,14,Moderate,Signal Delay,Saturday,Foggy,No
102,Route_102,Mount Road,Guindy,07:14 PM,08:40 PM,3,Clear,Traffic Congestion,Sunday,Clear,Yes
M5,Route_M5,Saidapet,Ambattur,12:02 PM,09:57 PM,19,Heavy,Signal Delay,Friday,Rainy,No
570,Route_570,Koyambedu,Tambaram,12:14 AM,05:51 PM,2,Clear,Traffic Congestion,Thursday,Foggy,Yes
M5,Route_M5,Marina Beach,Velachery,08:07 AM,05:26 PM,12,Moderate,Accident,Monday,Rainy,No
47A,Route_47A,Mount Road,Guindy,07:05 PM,12:06 PM,26,Heavy,Traffic Congestion,Tuesday,Stormy,No
M5,Route_M5,Saidapet,Ambattur,05:42 PM,09:05 AM,1,Clear,None,Thursday,Clear,No
23C,Route_23C,Adyar,T. Nagar,10:44 AM,11:06 AM,10,Moderate,None,Tuesday,Stormy,No
21G,Route_21G,Saidapet,Ambattur,02:37 PM,07:44 AM,0,Clear,None,Sunday,Rainy,No
21G,Route_21G,Koyambedu,Tambaram,01:53 AM,10:36 AM,15,Moderate,None,Sunday,Foggy,No
47A,Route_47A,Saidapet,Ambattur,04:42 AM,05:59 PM,29,Heavy,Accident,Wednesday,Rainy,No
21G,Route_21G,Koyambedu,Tambaram,10:44 AM,05:59 PM,20,Heavy,Signal Delay,Saturday,Stormy,No
23C,Route_23C,Koyambedu,Tambaram,08:29 PM,09:42 AM,12,Moderate,Signal Delay,Thursday,Clear,No
23C,Route_23C,Marina Beach,Velachery,07:32 PM,11:01 PM,1,Clear,Traffic Congestion,Monday,Rainy,No
570,Route_570,Adyar,T. Nagar,06:57 AM,10:10 PM,5,Clear,None,Friday,Rainy,No
21G,Route_21G,Koyambedu,Tambaram,05:32 PM,02:09 AM,6,Moderate,None,Sunday,Clear,No
M5,Route_M5,Marina Beach,Velachery,01:35 PM,04:48 PM,1,Clear,Traffic Congestion,Wednesday,Stormy,No
21G,Route_21G,Koyambedu,Tambaram,07:36 AM,04:35 PM,15,Heavy,Traffic Congestion,Saturday,Clear,No
570,Route_570,Adyar,T. Nagar,10:01 AM,04:23 PM,7,Moderate,Signal Delay,Thursday,Clear,No
7B,Route_7B,Marina Beach,Velachery,08:16 PM,07:53 PM,8,Moderate,None,Monday,Clear,No
570,Route_570,Mount Road,Guindy,11:56 PM,03:20 PM,22,Heavy,Accident,Friday,Foggy,No
7B,Route_7B,Marina Beach,Velachery,09:00 AM,08:46 PM,6,Moderate,Traffic Congestion,Friday,Clear,No
21G,Route_21G,Saidapet,Ambattur,03:24 PM,11:30 PM,22,Heavy,Traffic Congestion,Sunday,Clear,No
21G,Route_21G,Adyar,T. Nagar,03:02 AM,04:08 PM,5,Moderate,Signal Delay,Tuesday,Stormy,Yes
102,Route_102,Marina Beach,Velachery,07:48 AM,09:47 AM,26,Heavy,Accident,Friday,Stormy,Yes
M5,Route_M5,Saidapet,Ambattur,06:58 AM,11:48 PM,8,Moderate,Signal Delay,Tuesday,Stormy,No
5E,Route_5E,Marina Beach,Velachery,05:43 AM,12:25 PM,28,Heavy,Traffic Congestion,Wednesday,Clear,Yes
47A,Route_47A,Adyar,T. Nagar,07:40 AM,03:27 PM,27,Heavy,Signal Delay,Friday,Foggy,No
102,Route_102,Marina Beach,Velachery,03:38 AM,04:07 AM,25,Heavy,None,Friday,Foggy,Yes
570,Route_570,Koyambedu,Tambaram,12:46 AM,09:07 AM,1,Clear,None,Thursday,Clear,Yes
7B,Route_7B,Mount Road,Guindy,07:20 AM,06:04 AM,19,Heavy,None,Wednesday,Foggy,Yes
M5,Route_M5,Marina Beach,Velachery,02:18 AM,10:03 PM,2,Clear,Signal Delay,Saturday,Rainy,No
M5,Route_M5,Marina Beach,Velachery,08:46 AM,07:58 AM,9,Moderate,Signal Delay,Friday,Foggy,No
47A,Route_47A,Marina Beach,Velachery,10:09 PM,02:20 PM,18,Heavy,None,Wednesday,Rainy,No
21G,Route_21G,Koyambedu,Tambaram,10:33 AM,02:09 AM,5,Clear,None,Wednesday,Rainy,No
23C,Route_23C,Marina Beach,Velachery,04:31 AM,06:42 PM,22,Heavy,Traffic Congestion,Thursday,Clear,Yes
47A,Route_47A,Koyambedu,Tambaram,04:03 PM,08:04 PM,15,Heavy,None,Wednesday,Stormy,No
5E,Route_5E,Saidapet,Ambattur,12:21 PM,08:39 PM,28,Heavy,Signal Delay,Thursday,Foggy,Yes
23C,Route_23C,Adyar,T. Nagar,05:11 AM,11:58 AM,4,Clear,None,Tuesday,Rainy,No
102,Route_102,Adyar,T. Nagar,01:51 AM,11:59 PM,10,Moderate,Traffic Congestion,Monday,Rainy,Yes
21G,Route_21G,Koyambedu,Tambaram,04:20 AM,02:02 AM,4,Clear,Accident,Tuesday,Stormy,Yes
102,Route_102,Koyambedu,Tambaram,04:42 AM,11:33 PM,29,Heavy,Signal Delay,Saturday,Foggy,Yes
M5,Route_M5,Koyambedu,Tambaram,02:07 AM,10:46 PM,15,Moderate,Traffic Congestion,Friday,Clear,Yes
102,Route_102,Saidapet,Ambattur,02:53 AM,01:40 PM,16,Heavy,None,Saturday,Rainy,Yes
102,Route_102,Saidapet,Ambattur,12:44 PM,03:14 AM,22,Heavy,Signal Delay,Sunday,Clear,No
570,Route_570,Adyar,T. Nagar,05:02 AM,03:11 PM,30,Heavy,None,Tuesday,Foggy,No
23C,Route_23C,Marina Beach,Velachery,10:27 PM,05:40 AM,30,Heavy,Traffic Congestion,Tuesday,Stormy,No
21G,Route_21G,Adyar,T. Nagar,03:43 AM,07:27 PM,20,Heavy,Signal Delay,Thursday,Rainy,No
47A,Route_47A,Marina Beach,Velachery,03:13 AM,06:33 AM,3,Clear,None,Tuesday,Clear,No
21G,Route_21G,Adyar,T. Nagar,07:25 AM,02:45 AM,1,Clear,Signal Delay,Wednesday,Clear,Yes
21G,Route_21G,Saidapet,Ambattur,06:01 AM,09:19 PM,27,Heavy,Signal Delay,Monday,Foggy,Yes
102,Route_102,Adyar,T. Nagar,03:16 AM,12:00 PM,22,Heavy,None,Wednesday,Stormy,No
21G,Route_21G,Koyambedu,Tambaram,05:43 AM,08:09 PM,29,Heavy,None,Monday,Stormy,Yes
21G,Route_21G,Mount Road,Guindy,01:25 PM,08:07 PM,8,Moderate,None,Friday,Stormy,No
47A,Route_47A,Adyar,T. Nagar,02:45 PM,10:47 AM,3,Clear,Accident,Wednesday,Clear,No
102,Route_102,Adyar,T. Nagar,10:27 AM,10:20 AM,3,Clear,None,Tuesday,Rainy,No
102,Route_102,Adyar,T. Nagar,04:47 AM,07:08 AM,2,Clear,Signal Delay,Saturday,Clear,No
47A,Route_47A,Saidapet,Ambattur,04:56 PM,12:03 AM,5,Moderate,Signal Delay,Wednesday,Foggy,No
47A,Route_47A,Koyambedu,Tambaram,05:51 PM,08:21 PM,2,Clear,Traffic Congestion,Friday,Clear,No
570,Route_570,Adyar,T. Nagar,12:40 PM,04:54 AM,16,Heavy,None,Friday,Foggy,No
23C,Route_23C,Koyambedu,Tambaram,09:56 PM,12:23 PM,11,Moderate,Accident,Friday,Stormy,No
5E,Route_5E,Adyar,T. Nagar,05:23 AM,08:49 AM,25,Heavy,Signal Delay,Saturday,Stormy,Yes
21G,Route_21G,Marina Beach,Velachery,10:31 AM,04:27 PM,4,Clear,None,Wednesday,Foggy,Yes
21G,Route_21G,Saidapet,Ambattur,12:04 AM,11:21 AM,1,Clear,None,Tuesday,Rainy,No
5E,Route_5E,Saidapet,Ambattur,07:31 AM,04:15 AM,10,Moderate,Signal Delay,Monday,Rainy,No
7B,Route_7B,Koyambedu,Tambaram,06:46 PM,10:12 AM,26,Heavy,Accident,Wednesday,Rainy,No
5E,Route_5E,Mount Road,Guindy,07:34 AM,04:20 AM,13,Moderate,Signal Delay,Wednesday,Stormy,No
7B,Route_7B,Marina Beach,Velachery,01:01 PM,01:21 PM,8,Moderate,Signal Delay,Monday,Stormy,No
47A,Route_47A,Saidapet,Ambattur,11:41 PM,01:18 AM,2,Clear,Accident,Wednesday,Foggy,Yes
23C,Route_23C,Koyambedu,Tambaram,04:01 PM,11:45 PM,6,Moderate,Accident,Saturday,Stormy,No
47A,Route_47A,Mount Road,Guindy,04:13 PM,08:07 PM,15,Moderate,Signal Delay,Saturday,Stormy,No
570,Route_570,Mount Road,Guindy,06:51 AM,12:09 AM,21,Heavy,Traffic Congestion,Saturday,Clear,No
47A,Route_47A,Koyambedu,Tambaram,09:07 AM,06:39 PM,5,Moderate,Traffic Congestion,Friday,Clear,No
21G,Route_21G,Adyar,T. Nagar,07:20 AM,10:31 PM,22,Heavy,Traffic Congestion,Thursday,Clear,No
21G,Route_21G,Marina Beach,Velachery,01:07 AM,01:40 PM,14,Moderate,Signal Delay,Friday,Foggy,No
47A,Route_47A,Koyambedu,Tambaram,01:01 PM,02:56 AM,5,Moderate,Signal Delay,Sunday,Clear,Yes
570,Route_570,Mount Road,Guindy,02:09 PM,01:25 AM,16,Heavy,None,Thursday,Foggy,No
21G,Route_21G,Adyar,T. Nagar,01:46 AM,04:13 AM,5,Moderate,Accident,Monday,Rainy,No
47A,Route_47A,Marina Beach,Velachery,03:39 AM,11:56 AM,13,Moderate,Accident,Thursday,Clear,No
5E,Route_5E,Saidapet,Ambattur,02:30 AM,01:24 PM,16,Heavy,Signal Delay,Saturday,Clear,No
102,Route_102,Mount Road,Guindy,07:39 AM,07:09 AM,3,Clear,Accident,Tuesday,Stormy,No
47A,Route_47A,Marina Beach,Velachery,02:54 AM,04:50 PM,10,Moderate,Accident,Tuesday,Clear,No
21G,Route_21G,Adyar,T. Nagar,02:09 AM,09:21 PM,20,Heavy,Signal Delay,Saturday,Stormy,Yes
7B,Route_7B,Adyar,T. Nagar,07:30 PM,04:52 PM,1,Clear,Signal Delay,Wednesday,Clear,No
7B,Route_7B,Adyar,T. Nagar,11:55 AM,09:05 PM,16,Heavy,Traffic Congestion,Sunday,Foggy,No
102,Route_102,Adyar,T. Nagar,08:42 AM,12:43 PM,30,Heavy,Accident,Sunday,Foggy,No
23C,Route_23C,Adyar,T. Nagar,08:50 AM,05:52 AM,20,Heavy,Traffic Congestion,Thursday,Foggy,No
47A,Route_47A,Marina Beach,Velachery,02:35 PM,01:54 PM,15,Moderate,None,Tuesday,Rainy,No
570,Route_570,Marina Beach,Velachery,11:52 AM,11:13 PM,5,Moderate,None,Thursday,Clear,No
7B,Route_7B,Mount Road,Guindy,07:11 PM,11:34 AM,23,Heavy,Signal Delay,Wednesday,Clear,Yes
102,Route_102,Saidapet,Ambattur,10:07 PM,06:42 AM,14,Moderate,Traffic Congestion,Friday,Rainy,No
47A,Route_47A,Marina Beach,Velachery,11:25 PM,05:20 PM,1,Clear,Traffic Congestion,Monday,Foggy,No
5E,Route_5E,Koyambedu,Tambaram,05:50 AM,07:34 AM,3,Clear,Traffic Congestion,Saturday,Stormy,Yes
47A,Route_47A,Koyambedu,Tambaram,01:05 AM,06:38 AM,20,Heavy,None,Wednesday,Rainy,Yes
23C,Route_23C,Adyar,T. Nagar,10:56 PM,03:49 PM,23,Heavy,None,Thursday,Clear,Yes
5E,Route_5E,Mount Road,Guindy,03:07 PM,10:16 AM,21,Heavy,None,Friday,Clear,No
5E,Route_5E,Mount Road,Guindy,01:44 PM,09:04 AM,23,Heavy,Signal Delay,Wednesday,Rainy,No
5E,Route_5E,Marina Beach,Velachery,09:10 PM,01:29 PM,5,Moderate,None,Wednesday,Rainy,Yes
102,Route_102,Adyar,T. Nagar,09:11 AM,11:26 PM,26,Heavy,Signal Delay,Thursday,Stormy,No
102,Route_102,Mount Road,Guindy,10:04 PM,06:39 AM,18,Heavy,Traffic Congestion,Sunday,Clear,No
570,Route_570,Saidapet,Ambattur,05:15 PM,11:18 AM,14,Moderate,Traffic Congestion,Saturday,Stormy,No
M5,Route_M5,Adyar,T. Nagar,02:39 PM,05:48 AM,15,Moderate,Accident,Sunday,Clear,Yes
21G,Route_21G,Marina Beach,Velachery,03:02 AM,10:41 AM,5,Clear,None,Monday,Clear,No
570,Route_570,Adyar,T. Nagar,04:10 PM,05:47 PM,3,Clear,Traffic Congestion,Saturday,Rainy,No
21G,Route_21G,Saidapet,Ambattur,08:08 PM,11:59 PM,23,Heavy,Signal Delay,Thursday,Stormy,No
570,Route_570,Adyar,T. Nagar,12:34 AM,03:23 AM,10,Moderate,Signal Delay,Friday,Rainy,No
7B,Route_7B,Koyambedu,Tambaram,09:23 PM,08:48 AM,29,Heavy,None,Monday,Rainy,No
23C,Route_23C,Saidapet,Ambattur,03:17 PM,01:07 AM,7,Moderate,None,Thursday,Stormy,No
102,Route_102,Mount Road,Guindy,02:57 AM,11:56 PM,19,Heavy,None,Tuesday,Rainy,No
M5,Route_M5,Marina Beach,Velachery,04:22 AM,04:39 AM,1,Clear,Accident,Friday,Rainy,No
47A,Route_47A,Marina Beach,Velachery,06:11 PM,03:14 AM,2,Clear,Accident,Friday,Stormy,Yes
570,Route_570,Adyar,T. Nagar,04:02 PM,02:40 PM,3,Clear,Accident,Wednesday,Rainy,Yes
21G,Route_21G,Marina Beach,Velachery,05:39 PM,05:34 PM,28,Heavy,Signal Delay,Sunday,Foggy,No
23C,Route_23C,Marina Beach,Velachery,10:52 AM,03:13 AM,10,Moderate,Signal Delay,Tuesday,Rainy,No
47A,Route_47A,Saidapet,Ambattur,09:18 PM,12:02 AM,10,Moderate,Traffic Congestion,Wednesday,Foggy,Yes
47A,Route_47A,Adyar,T. Nagar,10:45 PM,06:42 AM,27,Heavy,Signal Delay,Friday,Foggy,No
570,Route_570,Saidapet,Ambattur,01:32 AM,06:17 PM,4,Clear,Signal Delay,Friday,Rainy,No
47A,Route_47A,Marina Beach,Velachery,07:02 PM,10:03 PM,10,Moderate,None,Monday,Rainy,Yes
5E,Route_5E,Saidapet,Ambattur,08:18 PM,03:51 PM,0,Clear,None,Monday,Foggy,No
23C,Route_23C,Saidapet,Ambattur,09:44 PM,03:31 AM,10,Moderate,Accident,Friday,Stormy,Yes
M5,Route_M5,Marina Beach,Velachery,05:14 AM,11:01 PM,12,Moderate,Traffic Congestion,Sunday,Foggy,Yes
5E,Route_5E,Adyar,T. Nagar,02:12 PM,10:39 PM,15,Heavy,Traffic Congestion,Monday,Stormy,No
M5,Route_M5,Adyar,T. Nagar,11:10 PM,08:10 AM,18,Heavy,Signal Delay,Sunday,Stormy,Yes
M5,Route_M5,Koyambedu,Tambaram,12:47 AM,03:16 PM,9,Moderate,Accident,Tuesday,Stormy,No
570,Route_570,Saidapet,Ambattur,11:04 AM,09:02 PM,7,Moderate,Traffic Congestion,Thursday,Stormy,No
M5,Route_M5,Koyambedu,Tambaram,09:26 AM,04:25 AM,27,Heavy,Signal Delay,Sunday,Foggy,No
23C,Route_23C,Koyambedu,Tambaram,09:21 AM,12:41 AM,22,Heavy,Accident,Saturday,Rainy,No
M5,Route_M5,Adyar,T. Nagar,02:37 PM,01:16 AM,10,Moderate,Signal Delay,Sunday,Stormy,Yes
47A,Route_47A,Marina Beach,Velachery,12:23 AM,02:34 AM,4,Clear,None,Monday,Rainy,No
47A,Route_47A,Koyambedu,Tambaram,05:57 AM,11:33 AM,1,Clear,None,Friday,Stormy,No
102,Route_102,Mount Road,Guindy,04:13 AM,06:44 AM,15,Moderate,Signal Delay,Wednesday,Foggy,Yes
M5,Route_M5,Saidapet,Ambattur,11:48 AM,08:39 AM,19,Heavy,Accident,Tuesday,Clear,Yes
47A,Route_47A,Marina Beach,Velachery,12:13 AM,07:02 AM,20,Heavy,Signal Delay,Friday,Foggy,No
M5,Route_M5,Adyar,T. Nagar,10:30 AM,01:03 AM,8,Moderate,Accident,Saturday,Foggy,No
7B,Route_7B,Adyar,T. Nagar,10:23 AM,06:15 AM,27,Heavy,Traffic Congestion,Wednesday,Clear,No
21G,Route_21G,Mount Road,Guindy,12:42 AM,04:26 PM,24,Heavy,Traffic Congestion,Friday,Stormy,No
23C,Route_23C,Marina Beach,Velachery,05:52 PM,11:02 PM,15,Moderate,Traffic Congestion,Sunday,Stormy,No
M5,Route_M5,Marina Beach,Velachery,11:35 AM,12:31 AM,8,Moderate,Traffic Congestion,Wednesday,Rainy,No
23C,Route_23C,Koyambedu,Tambaram,09:02 PM,07:39 PM,19,Heavy,None,Sunday,Stormy,No
21G,Route_21G,Marina Beach,Velachery,11:20 PM,04:13 PM,18,Heavy,Accident,Sunday,Rainy,No
21G,Route_21G,Adyar,T. Nagar,07:08 AM,02:43 AM,0,Clear,None,Saturday,Stormy,No
570,Route_570,Adyar,T. Nagar,06:44 AM,08:34 PM,3,Clear,Accident,Saturday,Rainy,No
M5,Route_M5,Adyar,T. Nagar,07:10 PM,05:40 PM,0,Clear,None,Thursday,Foggy,No
23C,Route_23C,Adyar,T. Nagar,04:03 AM,12:15 PM,5,Moderate,Signal Delay,Thursday,Stormy,No
7B,Route_7B,Koyambedu,Tambaram,01:29 PM,01:37 PM,1,Clear,Signal Delay,Saturday,Clear,No
M5,Route_M5,Adyar,T. Nagar,09:39 PM,03:27 PM,5,Clear,None,Saturday,Rainy,Yes
23C,Route_23C,Adyar,T. Nagar,08:22 AM,03:27 PM,12,Moderate,Signal Delay,Wednesday,Rainy,No
102,Route_102,Marina Beach,Velachery,12:56 AM,10:02 AM,0,Clear,None,Tuesday,Rainy,No
M5,Route_M5,Saidapet,Ambattur,06:12 AM,07:23 AM,14,Moderate,Signal Delay,Wednesday,Stormy,No
570,Route_570,Saidapet,Ambattur,04:37 AM,02:24 AM,4,Clear,Traffic Congestion,Wednesday,Rainy,No
23C,Route_23C,Saidapet,Ambattur,09:40 PM,12:59 AM,3,Clear,None,Saturday,Rainy,No
M5,Route_M5,Adyar,T. Nagar,05:39 AM,02:16 AM,2,Clear,Traffic Congestion,Saturday,Rainy,No
5E,Route_5E,Koyambedu,Tambaram,12:24 PM,04:42 PM,22,Heavy,Signal Delay,Thursday,Rainy,No
102,Route_102,Adyar,T. Nagar,07:56 AM,09:09 AM,12,Moderate,Traffic Congestion,Wednesday,Clear,No
570,Route_570,Marina Beach,Velachery,04:48 PM,03:08 AM,14,Moderate,Traffic Congestion,Wednesday,Foggy,No
102,Route_102,Mount Road,Guindy,01:44 AM,07:37 PM,24,Heavy,Signal Delay,Friday,Clear,No
5E,Route_5E,Adyar,T. Nagar,07:51 AM,12:36 AM,3,Clear,Traffic Congestion,Saturday,Clear,No
7B,Route_7B,Mount Road,Guindy,08:45 PM,12:47 PM,20,Heavy,Signal Delay,Friday,Stormy,No
47A,Route_47A,Mount Road,Guindy,11:08 AM,01:39 AM,5,Clear,Accident,Friday,Foggy,No
5E,Route_5E,Saidapet,Ambattur,10:05 AM,11:21 PM,11,Moderate,Signal Delay,Friday,Foggy,No
47A,Route_47A,Adyar,T. Nagar,01:15 PM,06:15 AM,13,Moderate,None,Monday,Clear,No
7B,Route_7B,Koyambedu,Tambaram,09:03 AM,10:10 PM,2,Clear,Traffic Congestion,Friday,Rainy,No
570,Route_570,Saidapet,Ambattur,02:09 AM,01:37 AM,29,Heavy,Accident,Friday,Stormy,No
102,Route_102,Saidapet,Ambattur,01:51 AM,06:26 AM,18,Heavy,Accident,Thursday,Clear,No
23C,Route_23C,Saidapet,Ambattur,04:47 PM,02:12 PM,11,Moderate,None,Wednesday,Foggy,No
5E,Route_5E,Adyar,T. Nagar,05:58 AM,05:04 AM,0,Clear,None,Wednesday,Foggy,No
21G,Route_21G,Mount Road,Guindy,02:47 PM,06:40 AM,26,Heavy,None,Sunday,Clear,No
21G,Route_21G,Marina Beach,Velachery,01:33 AM,05:35 PM,11,Moderate,Signal Delay,Sunday,Stormy,No
5E,Route_5E,Saidapet,Ambattur,09:35 PM,03:31 PM,0,Clear,None,Sunday,Stormy,No
5E,Route_5E,Koyambedu,Tambaram,10:56 PM,12:46 PM,4,Clear,None,Saturday,Foggy,No
7B,Route_7B,Koyambedu,Tambaram,12:24 PM,05:20 PM,3,Clear,Traffic Congestion,Wednesday,Rainy,No
102,Route_102,Marina Beach,Velachery,06:32 PM,07:08 AM,21,Heavy,Signal Delay,Friday,Clear,No
21G,Route_21G,Marina Beach,Velachery,02:14 PM,05:44 AM,25,Heavy,Signal Delay,Sunday,Rainy,No
M5,Route_M5,Adyar,T. Nagar,12:51 PM,06:07 AM,2,Clear,None,Friday,Clear,Yes
23C,Route_23C,Adyar,T. Nagar,03:03 AM,09:09 PM,15,Heavy,Traffic Congestion,Monday,Clear,No
M5,Route_M5,Saidapet,Ambattur,11:53 AM,09:19 PM,9,Moderate,Traffic Congestion,Monday,Rainy,No
23C,Route_23C,Koyambedu,Tambaram,12:18 AM,06:10 AM,0,Clear,None,Tuesday,Foggy,No
102,Route_102,Koyambedu,Tambaram,06:17 AM,03:54 PM,12,Moderate,Signal Delay,Monday,Foggy,No
21G,Route_21G,Marina Beach,Velachery,05:45 AM,05:02 PM,5,Clear,Traffic Congestion,Saturday,Foggy,No
M5,Route_M5,Marina Beach,Velachery,05:20 AM,06:08 AM,23,Heavy,Signal Delay,Thursday,Foggy,No
5E,Route_5E,Marina Beach,Velachery,02:18 AM,02:33 PM,5,Clear,Signal Delay,Monday,Stormy,Yes
5E,Route_5E,Mount Road,Guindy,05:42 AM,06:58 PM,9,Moderate,Traffic Congestion,Saturday,Stormy,No
570,Route_570,Koyambedu,Tambaram,07:04 AM,01:49 PM,4,Clear,None,Friday,Foggy,No
102,Route_102,Saidapet,Ambattur,09:50 AM,03:20 AM,30,Heavy,Accident,Thursday,Foggy,No
102,Route_102,Adyar,T. Nagar,03:13 AM,02:17 PM,22,Heavy,Traffic Congestion,Thursday,Stormy,No
7B,Route_7B,Koyambedu,Tambaram,01:47 AM,10:06 AM,22,Heavy,None,Thursday,Clear,No
47A,Route_47A,Marina Beach,Velachery,03:39 AM,04:03 AM,2,Clear,Accident,Saturday,Rainy,Yes
102,Route_102,Marina Beach,Velachery,05:38 AM,08:16 AM,13,Moderate,None,Thursday,Stormy,No
47A,Route_47A,Saidapet,Ambattur,04:45 PM,07:53 AM,5,Moderate,Accident,Friday,Foggy,Yes
102,Route_102,Koyambedu,Tambaram,08:17 PM,09:53 PM,15,Heavy,Signal Delay,Saturday,Stormy,No
5E,Route_5E,Saidapet,Ambattur,02:15 AM,03:38 PM,8,Moderate,Accident,Thursday,Stormy,No
47A,Route_47A,Adyar,T. Nagar,04:29 AM,03:59 PM,3,Clear,Signal Delay,Friday,Foggy,Yes
21G,Route_21G,Adyar,T. Nagar,12:36 AM,05:15 AM,16,Heavy,Accident,Saturday,Rainy,Yes
102,Route_102,Marina Beach,Velachery,09:30 AM,11:11 PM,11,Moderate,Traffic Congestion,Tuesday,Clear,No
21G,Route_21G,Saidapet,Ambattur,07:04 PM,12:47 AM,1,Clear,Traffic Congestion,Wednesday,Foggy,No
570,Route_570,Adyar,T. Nagar,03:54 AM,05:50 PM,10,Moderate,None,Friday,Clear,No
5E,Route_5E,Adyar,T. Nagar,12:33 AM,05:04 AM,26,Heavy,Accident,Thursday,Stormy,No
23C,Route_23C,Mount Road,Guindy,08:40 PM,02:36 AM,0,Clear,None,Sunday,Rainy,No
7B,Route_7B,Mount Road,Guindy,04:22 AM,12:43 PM,2,Clear,Signal Delay,Saturday,Stormy,No
47A,Route_47A,Mount Road,Guindy,08:19 AM,05:02 PM,22,Heavy,Accident,Wednesday,Rainy,Yes
47A,Route_47A,Saidapet,Ambattur,09:20 PM,05:38 PM,5,Moderate,Signal Delay,Monday,Clear,No
23C,Route_23C,Marina Beach,Velachery,09:07 PM,03:26 PM,8,Moderate,Signal Delay,Tuesday,Foggy,No
570,Route_570,Koyambedu,Tambaram,08:16 PM,07:41 AM,1,Clear,Traffic Congestion,Wednesday,Rainy,No
570,Route_570,Mount Road,Guindy,04:23 PM,11:37 AM,8,Moderate,Accident,Saturday,Stormy,No
570,Route_570,Adyar,T. Nagar,04:04 AM,12:51 PM,14,Moderate,None,Wednesday,Stormy,No
5E,Route_5E,Saidapet,Ambattur,02:09 PM,01:40 AM,5,Clear,Accident,Tuesday,Stormy,Yes
5E,Route_5E,Marina Beach,Velachery,06:06 PM,04:10 PM,5,Clear,Signal Delay,Monday,Foggy,No
570,Route_570,Adyar,T. Nagar,07:20 AM,06:44 AM,13,Moderate,Traffic Congestion,Monday,Stormy,No
21G,Route_21G,Saidapet,Ambattur,12:25 AM,06:33 PM,2,Clear,None,Wednesday,Foggy,No
570,Route_570,Mount Road,Guindy,11:18 PM,07:56 PM,10,Moderate,Accident,Saturday,Stormy,No
102,Route_102,Koyambedu,Tambaram,03:33 AM,07:34 PM,26,Heavy,Accident,Sunday,Rainy,No
7B,Route_7B,Mount Road,Guindy,06:37 AM,02:39 AM,12,Moderate,None,Monday,Clear,No
47A,Route_47A,Saidapet,Ambattur,06:26 AM,02:12 PM,15,Heavy,None,Wednesday,Stormy,No
23C,Route_23C,Marina Beach,Velachery,06:23 AM,01:30 AM,27,Heavy,Traffic Congestion,Friday,Clear,Yes
21G,Route_21G,Koyambedu,Tambaram,05:05 AM,05:10 PM,26,Heavy,Signal Delay,Friday,Clear,Yes
23C,Route_23C,Mount Road,Guindy,08:22 AM,10:56 AM,5,Moderate,Accident,Monday,Foggy,Yes
23C,Route_23C,Adyar,T. Nagar,01:44 PM,10:46 AM,7,Moderate,Traffic Congestion,Tuesday,Stormy,No
7B,Route_7B,Koyambedu,Tambaram,05:35 AM,09:08 PM,0,Clear,None,Tuesday,Clear,No
23C,Route_23C,Koyambedu,Tambaram,01:04 PM,03:06 PM,27,Heavy,None,Thursday,Rainy,Yes
7B,Route_7B,Koyambedu,Tambaram,03:32 PM,11:03 PM,16,Heavy,Traffic Congestion,Friday,Stormy,No
47A,Route_47A,Marina Beach,Velachery,09:27 PM,01:45 PM,3,Clear,Traffic Congestion,Monday,Foggy,No
21G,Route_21G,Saidapet,Ambattur,05:11 AM,04:10 AM,11,Moderate,Accident,Saturday,Foggy,No
23C,Route_23C,Marina Beach,Velachery,09:18 PM,12:52 PM,15,Moderate,None,Wednesday,Stormy,No
102,Route_102,Koyambedu,Tambaram,05:43 AM,04:15 PM,30,Heavy,Traffic Congestion,Tuesday,Stormy,No
21G,Route_21G,Adyar,T. Nagar,08:40 AM,02:53 PM,22,Heavy,Accident,Sunday,Stormy,No
M5,Route_M5,Adyar,T. Nagar,04:47 PM,08:42 PM,2,Clear,Traffic Congestion,Sunday,Clear,Yes
21G,Route_21G,Saidapet,Ambattur,07:54 AM,01:48 PM,12,Moderate,Traffic Congestion,Saturday,Rainy,No
570,Route_570,Mount Road,Guindy,11:38 PM,10:21 PM,25,Heavy,Signal Delay,Saturday,Rainy,No
102,Route_102,Mount Road,Guindy,05:54 PM,07:06 PM,3,Clear,Accident,Thursday,Stormy,No
21G,Route_21G,Koyambedu,Tambaram,07:48 PM,06:50 AM,11,Moderate,Signal Delay,Thursday,Foggy,No
23C,Route_23C,Adyar,T. Nagar,06:04 PM,01:08 AM,6,Moderate,Accident,Wednesday,Rainy,No
7B,Route_7B,Adyar,T. Nagar,01:20 PM,01:29 AM,14,Moderate,None,Tuesday,Stormy,No
47A,Route_47A,Mount Road,Guindy,02:37 PM,05:30 AM,8,Moderate,Traffic Congestion,Friday,Rainy,Yes
21G,Route_21G,Mount Road,Guindy,07:45 AM,04:31 AM,2,Clear,None,Saturday,Stormy,No
21G,Route_21G,Koyambedu,Tambaram,03:06 PM,05:13 PM,25,Heavy,Signal Delay,Monday,Stormy,No
7B,Route_7B,Adyar,T. Nagar,01:32 PM,07:36 AM,15,Moderate,Accident,Thursday,Foggy,No
21G,Route_21G,Saidapet,Ambattur,09:26 PM,01:06 AM,8,Moderate,None,Tuesday,Clear,No
23C,Route_23C,Marina Beach,Velachery,07:54 PM,09:01 AM,5,Moderate,None,Monday,Foggy,No
23C,Route_23C,Marina Beach,Velachery,03:32 PM,09:33 AM,24,Heavy,Traffic Congestion,Thursday,Stormy,No
47A,Route_47A,Adyar,T. Nagar,08:21 AM,05:48 PM,4,Clear,None,Saturday,Rainy,No
7B,Route_7B,Marina Beach,Velachery,12:15 AM,07:12 PM,2,Clear,Accident,Friday,Rainy,No
7B,Route_7B,Saidapet,Ambattur,10:54 AM,06:24 PM,8,Moderate,Traffic Congestion,Friday,Stormy,No
102,Route_102,Marina Beach,Velachery,03:18 PM,11:31 PM,24,Heavy,Traffic Congestion,Friday,Stormy,No
5E,Route_5E,Koyambedu,Tambaram,11:29 PM,09:53 PM,27,Heavy,Signal Delay,Monday,Stormy,No
5E,Route_5E,Marina Beach,Velachery,03:53 AM,05:48 AM,8,Moderate,Accident,Tuesday,Foggy,No
M5,Route_M5,Adyar,T. Nagar,06:52 PM,01:19 PM,17,Heavy,None,Sunday,Rainy,No
7B,Route_7B,Adyar,T. Nagar,12:06 PM,09:45 AM,1,Clear,Accident,Saturday,Rainy,No
570,Route_570,Adyar,T. Nagar,09:02 PM,06:58 PM,4,Clear,None,Monday,Stormy,No
21G,Route_21G,Saidapet,Ambattur,02:10 PM,05:37 AM,4,Clear,Traffic Congestion,Thursday,Foggy,No
23C,Route_23C,Marina Beach,Velachery,01:19 PM,01:50 AM,28,Heavy,Traffic Congestion,Tuesday,Clear,No
5E,Route_5E,Marina Beach,Velachery,09:21 AM,04:53 PM,28,Heavy,None,Sunday,Rainy,Yes
7B,Route_7B,Adyar,T. Nagar,05:46 AM,06:24 PM,14,Moderate,Traffic Congestion,Wednesday,Foggy,No
23C,Route_23C,Koyambedu,Tambaram,04:58 PM,12:45 PM,9,Moderate,Traffic Congestion,Monday,Clear,No
23C,Route_23C,Koyambedu,Tambaram,07:28 PM,06:04 AM,1,Clear,Accident,Friday,Stormy,Yes
21G,Route_21G,Adyar,T. Nagar,11:26 PM,09:39 AM,3,Clear,Traffic Congestion,Wednesday,Clear,No
47A,Route_47A,Mount Road,Guindy,12:17 PM,12:52 AM,29,Heavy,Traffic Congestion,Saturday,Stormy,No
47A,Route_47A,Adyar,T. Nagar,09:36 AM,03:44 AM,5,Moderate,None,Thursday,Clear,No
5E,Route_5E,Marina Beach,Velachery,02:05 PM,05:58 PM,2,Clear,Traffic Congestion,Thursday,Rainy,No
102,Route_102,Marina Beach,Velachery,10:55 PM,11:57 PM,1,Clear,Accident,Monday,Foggy,No
570,Route_570,Adyar,T. Nagar,12:46 PM,10:42 AM,6,Moderate,None,Wednesday,Clear,No
7B,Route_7B,Mount Road,Guindy,06:08 AM,06:17 AM,9,Moderate,Accident,Friday,Clear,Yes
7B,Route_7B,Koyambedu,Tambaram,12:59 PM,02:59 AM,22,Heavy,Signal Delay,Monday,Clear,Yes
21G,Route_21G,Adyar,T. Nagar,05:29 AM,07:03 AM,15,Moderate,Signal Delay,Thursday,Foggy,Yes
5E,Route_5E,Mount Road,Guindy,03:42 PM,01:30 PM,11,Moderate,Traffic Congestion,Saturday,Clear,No
7B,Route_7B,Koyambedu,Tambaram,03:29 PM,09:35 PM,21,Heavy,Accident,Friday,Stormy,No
23C,Route_23C,Marina Beach,Velachery,12:38 PM,04:37 PM,1,Clear,Accident,Tuesday,Stormy,Yes
47A,Route_47A,Mount Road,Guindy,08:11 AM,06:18 PM,4,Clear,Traffic Congestion,Tuesday,Foggy,No
570,Route_570,Saidapet,Ambattur,07:51 AM,12:03 AM,1,Clear,Signal Delay,Saturday,Stormy,No
M5,Route_M5,Koyambedu,Tambaram,06:27 AM,02:28 AM,16,Heavy,Signal Delay,Thursday,Rainy,No
M5,Route_M5,Koyambedu,Tambaram,10:21 PM,09:48 PM,5,Clear,Traffic Congestion,Tuesday,Rainy,Yes
23C,Route_23C,Adyar,T. Nagar,09:53 PM,04:47 PM,2,Clear,Signal Delay,Saturday,Foggy,No
5E,Route_5E,Mount Road,Guindy,11:02 AM,03:14 PM,0,Clear,None,Thursday,Rainy,No
23C,Route_23C,Mount Road,Guindy,06:03 PM,04:28 AM,1,Clear,None,Monday,Foggy,No
21G,Route_21G,Marina Beach,Velachery,08:00 PM,09:20 PM,20,Heavy,Signal Delay,Friday,Rainy,No
7B,Route_7B,Adyar,T. Nagar,02:53 PM,04:07 PM,27,Heavy,Signal Delay,Monday,Clear,No
102,Route_102,Adyar,T. Nagar,06:20 AM,05:40 AM,5,Clear,Signal Delay,Thursday,Clear,Yes
21G,Route_21G,Marina Beach,Velachery,07:21 PM,03:29 PM,29,Heavy,Signal Delay,Wednesday,Rainy,No
102,Route_102,Marina Beach,Velachery,08:42 AM,11:41 PM,1,Clear,Traffic Congestion,Thursday,Stormy,Yes
102,Route_102,Mount Road,Guindy,09:24 AM,02:35 AM,16,Heavy,Accident,Wednesday,Clear,No
102,Route_102,Koyambedu,Tambaram,06:37 PM,07:15 PM,30,Heavy,Signal Delay,Tuesday,Stormy,No
47A,Route_47A,Koyambedu,Tambaram,05:45 AM,02:18 AM,2,Clear,Accident,Wednesday,Foggy,No
570,Route_570,Saidapet,Ambattur,10:18 AM,11:52 PM,3,Clear,Signal Delay,Saturday,Foggy,No
23C,Route_23C,Saidapet,Ambattur,07:22 AM,04:59 AM,5,Clear,Traffic Congestion,Sunday,Rainy,No
M5,Route_M5,Koyambedu,Tambaram,12:21 PM,02:47 AM,10,Moderate,Accident,Thursday,Rainy,No
23C,Route_23C,Koyambedu,Tambaram,07:07 PM,05:05 AM,4,Clear,Signal Delay,Monday,Rainy,No
5E,Route_5E,Koyambedu,Tambaram,02:35 AM,08:35 AM,9,Moderate,Signal Delay,Friday,Clear,No
47A,Route_47A,Mount Road,Guindy,07:12 AM,05:33 PM,2,Clear,Signal Delay,Friday,Clear,No
7B,Route_7B,Marina Beach,Velachery,09:31 AM,09:23 PM,21,Heavy,Accident,Friday,Foggy,No
7B,Route_7B,Marina Beach,Velachery,10:51 AM,09:35 PM,22,Heavy,Traffic Congestion,Sunday,Clear,No
M5,Route_M5,Koyambedu,Tambaram,02:46 PM,01:33 PM,3,Clear,Accident,Tuesday,Rainy,No
5E,Route_5E,Mount Road,Guindy,10:54 AM,12:00 PM,3,Clear,None,Friday,Rainy,No
21G,Route_21G,Mount Road,Guindy,04:13 AM,03:34 AM,11,Moderate,None,Wednesday,Foggy,No
23C,Route_23C,Adyar,T. Nagar,01:00 AM,08:00 AM,4,Clear,Traffic Congestion,Thursday,Clear,No
102,Route_102,Marina Beach,Velachery,01:14 PM,02:47 AM,1,Clear,Traffic Congestion,Sunday,Stormy,No
21G,Route_21G,Saidapet,Ambattur,12:49 AM,03:20 AM,0,Clear,None,Sunday,Foggy,No
21G,Route_21G,Adyar,T. Nagar,06:58 AM,02:33 PM,0,Clear,None,Tuesday,Clear,No
21G,Route_21G,Mount Road,Guindy,12:51 AM,03:28 PM,9,Moderate,Signal Delay,Wednesday,Rainy,No
M5,Route_M5,Adyar,T. Nagar,03:22 AM,08:56 PM,16,Heavy,Signal Delay,Tuesday,Foggy,No
7B,Route_7B,Adyar,T. Nagar,02:04 PM,12:33 PM,26,Heavy,Accident,Tuesday,Foggy,No
23C,Route_23C,Marina Beach,Velachery,06:37 PM,11:47 AM,1,Clear,Signal Delay,Sunday,Stormy,No
23C,Route_23C,Saidapet,Ambattur,06:48 AM,02:36 PM,24,Heavy,Signal Delay,Tuesday,Stormy,No
102,Route_102,Mount Road,Guindy,08:46 PM,04:05 AM,3,Clear,None,Sunday,Foggy,Yes
570,Route_570,Marina Beach,Velachery,07:21 AM,09:30 AM,23,Heavy,Accident,Thursday,Stormy,No
570,Route_570,Adyar,T. Nagar,07:27 AM,04:06 PM,24,Heavy,Traffic Congestion,Friday,Rainy,No
102,Route_102,Saidapet,Ambattur,04:46 AM,05:05 PM,5,Clear,None,Friday,Stormy,No
M5,Route_M5,Mount Road,Guindy,04:20 PM,02:24 PM,2,Clear,Traffic Congestion,Sunday,Foggy,No
21G,Route_21G,Koyambedu,Tambaram,06:49 PM,09:49 PM,6,Moderate,Traffic Congestion,Tuesday,Foggy,No
102,Route_102,Adyar,T. Nagar,10:43 PM,01:09 AM,2,Clear,Accident,Thursday,Rainy,No
21G,Route_21G,Koyambedu,Tambaram,02:00 AM,02:34 AM,10,Moderate,Signal Delay,Thursday,Rainy,Yes
M5,Route_M5,Saidapet,Ambattur,05:35 AM,05:40 AM,1,Clear,Accident,Tuesday,Foggy,Yes
47A,Route_47A,Saidapet,Ambattur,09:23 PM,10:30 PM,15,Heavy,Signal Delay,Thursday,Stormy,Yes
M5,Route_M5,Saidapet,Ambattur,05:13 PM,03:13 AM,21,Heavy,None,Thursday,Stormy,No
M5,Route_M5,Adyar,T. Nagar,12:50 PM,10:12 AM,17,Heavy,Traffic Congestion,Saturday,Rainy,No
M5,Route_M5,Marina Beach,Velachery,07:56 AM,04:40 PM,1,Clear,Signal Delay,Wednesday,Foggy,No
5E,Route_5E,Saidapet,Ambattur,03:47 AM,08:54 AM,5,Moderate,None,Friday,Clear,No
7B,Route_7B,Adyar,T. Nagar,05:06 PM,06:06 AM,16,Heavy,None,Sunday,Clear,No
23C,Route_23C,Saidapet,Ambattur,11:23 AM,04:23 PM,29,Heavy,Accident,Tuesday,Stormy,No
102,Route_102,Saidapet,Ambattur,04:23 PM,03:32 PM,16,Heavy,Traffic Congestion,Tuesday,Rainy,No
M5,Route_M5,Mount Road,Guindy,05:28 AM,12:07 PM,21,Heavy,Signal Delay,Friday,Stormy,No
7B,Route_7B,Marina Beach,Velachery,03:39 AM,09:49 PM,8,Moderate,Accident,Saturday,Foggy,No
23C,Route_23C,Adyar,T. Nagar,09:05 PM,12:46 PM,5,Clear,None,Saturday,Stormy,No
21G,Route_21G,Saidapet,Ambattur,09:12 PM,01:09 AM,4,Clear,Signal Delay,Wednesday,Rainy,No
102,Route_102,Adyar,T. Nagar,02:59 AM,10:55 AM,5,Moderate,Accident,Thursday,Stormy,No
23C,Route_23C,Saidapet,Ambattur,02:46 AM,08:29 PM,6,Moderate,Traffic Congestion,Wednesday,Rainy,Yes
23C,Route_23C,Saidapet,Ambattur,11:22 AM,09:03 AM,1,Clear,Accident,Monday,Rainy,No
570,Route_570,Adyar,T. Nagar,03:33 AM,05:49 PM,0,Clear,None,Monday,Clear,No
5E,Route_5E,Mount Road,Guindy,11:47 AM,01:15 AM,5,Clear,Signal Delay,Thursday,Foggy,Yes
21G,Route_21G,Mount Road,Guindy,09:27 AM,06:27 AM,8,Moderate,Signal Delay,Tuesday,Rainy,Yes
102,Route_102,Mount Road,Guindy,06:17 AM,11:41 AM,18,Heavy,Signal Delay,Saturday,Clear,No
21G,Route_21G,Adyar,T. Nagar,04:39 PM,11:33 AM,3,Clear,Accident,Saturday,Stormy,No
M5,Route_M5,Koyambedu,Tambaram,02:34 PM,05:54 PM,12,Moderate,Signal Delay,Wednesday,Stormy,No
M5,Route_M5,Koyambedu,Tambaram,04:05 PM,02:19 PM,3,Clear,None,Saturday,Clear,Yes
102,Route_102,Mount Road,Guindy,10:07 AM,02:55 AM,29,Heavy,None,Tuesday,Stormy,Yes
23C,Route_23C,Saidapet,Ambattur,06:30 AM,04:49 AM,8,Moderate,Signal Delay,Tuesday,Rainy,Yes
47A,Route_47A,Marina Beach,Velachery,10:09 AM,05:01 AM,4,Clear,Signal Delay,Thursday,Rainy,No
570,Route_570,Marina Beach,Velachery,12:07 AM,11:23 AM,22,Heavy,Traffic Congestion,Saturday,Clear,No
21G,Route_21G,Koyambedu,Tambaram,06:53 AM,10:15 AM,3,Clear,None,Saturday,Rainy,No
21G,Route_21G,Koyambedu,Tambaram,08:45 AM,06:47 AM,10,Moderate,Accident,Friday,Clear,No
47A,Route_47A,Saidapet,Ambattur,08:27 PM,01:10 AM,10,Moderate,None,Friday,Stormy,Yes
21G,Route_21G,Adyar,T. Nagar,04:32 AM,08:43 PM,29,Heavy,None,Friday,Foggy,No
570,Route_570,Saidapet,Ambattur,03:10 AM,11:25 PM,5,Clear,None,Saturday,Clear,No
102,Route_102,Saidapet,Ambattur,09:16 AM,10:49 AM,28,Heavy,Signal Delay,Friday,Foggy,No
5E,Route_5E,Mount Road,Guindy,03:36 PM,02:27 PM,23,Heavy,None,Saturday,Stormy,Yes
7B,Route_7B,Koyambedu,Tambaram,09:43 PM,11:53 AM,18,Heavy,None,Thursday,Foggy,No
47A,Route_47A,Marina Beach,Velachery,03:31 PM,09:28 PM,1,Clear,Signal Delay,Tuesday,Rainy,Yes
570,Route_570,Marina Beach,Velachery,07:22 AM,03:00 PM,13,Moderate,None,Saturday,Clear,No
21G,Route_21G,Adyar,T. Nagar,06:10 AM,04:10 PM,0,Clear,None,Friday,Rainy,No
M5,Route_M5,Saidapet,Ambattur,03:27 PM,04:28 PM,18,Heavy,Signal Delay,Monday,Clear,No
23C,Route_23C,Saidapet,Ambattur,02:25 PM,05:59 AM,0,Clear,None,Friday,Clear,No
5E,Route_5E,Mount Road,Guindy,04:59 PM,03:36 PM,25,Heavy,None,Saturday,Stormy,No
5E,Route_5E,Adyar,T. Nagar,10:10 AM,10:46 AM,29,Heavy,Accident,Saturday,Clear,No
5E,Route_5E,Marina Beach,Velachery,09:05 PM,02:42 AM,7,Moderate,Signal Delay,Tuesday,Rainy,No
570,Route_570,Saidapet,Ambattur,03:29 AM,06:08 PM,2,Clear,Traffic Congestion,Thursday,Foggy,Yes
102,Route_102,Marina Beach,Velachery,02:54 PM,11:18 AM,28,Heavy,None,Wednesday,Foggy,No
M5,Route_M5,Saidapet,Ambattur,09:22 PM,12:50 PM,12,Moderate,Accident,Monday,Foggy,Yes
102,Route_102,Koyambedu,Tambaram,07:15 PM,07:07 PM,2,Clear,Accident,Friday,Foggy,No
570,Route_570,Adyar,T. Nagar,11:26 PM,07:49 AM,28,Heavy,Accident,Thursday,Foggy,No
570,Route_570,Koyambedu,Tambaram,12:31 PM,02:42 AM,7,Moderate,Accident,Tuesday,Clear,Yes
M5,Route_M5,Mount Road,Guindy,09:53 AM,08:38 AM,5,Clear,Traffic Congestion,Tuesday,Rainy,No
21G,Route_21G,Adyar,T. Nagar,02:35 AM,11:33 AM,5,Clear,Accident,Friday,Foggy,No
M5,Route_M5,Koyambedu,Tambaram,04:58 AM,11:49 AM,5,Moderate,Signal Delay,Thursday,Clear,Yes
23C,Route_23C,Mount Road,Guindy,05:34 AM,10:20 AM,8,Moderate,None,Wednesday,Foggy,No
7B,Route_7B,Marina Beach,Velachery,01:18 AM,04:56 PM,26,Heavy,None,Thursday,Clear,Yes
21G,Route_21G,Mount Road,Guindy,06:55 AM,01:19 AM,3,Clear,Traffic Congestion,Sunday,Rainy,No
23C,Route_23C,Koyambedu,Tambaram,05:57 AM,03:31 AM,5,Clear,Signal Delay,Tuesday,Clear,No
570,Route_570,Adyar,T. Nagar,01:23 PM,05:51 AM,12,Moderate,None,Thursday,Rainy,No
5E,Route_5E,Marina Beach,Velachery,06:34 PM,02:24 PM,15,Moderate,Traffic Congestion,Saturday,Stormy,Yes
7B,Route_7B,Mount Road,Guindy,07:04 PM,11:28 AM,3,Clear,Accident,Sunday,Rainy,No
21G,Route_21G,Marina Beach,Velachery,08:28 PM,07:05 AM,0,Clear,None,Wednesday,Stormy,No
23C,Route_23C,Saidapet,Ambattur,01:35 AM,10:21 AM,9,Moderate,Traffic Congestion,Monday,Rainy,Yes
102,Route_102,Saidapet,Ambattur,07:59 PM,01:04 PM,4,Clear,None,Sunday,Stormy,No
21G,Route_21G,Saidapet,Ambattur,03:41 AM,03:08 PM,15,Moderate,Accident,Wednesday,Stormy,No
102,Route_102,Marina Beach,Velachery,05:36 AM,06:38 AM,13,Moderate,None,Sunday,Stormy,No
5E,Route_5E,Adyar,T. Nagar,02:03 PM,10:19 PM,30,Heavy,Traffic Congestion,Wednesday,Rainy,No
47A,Route_47A,Mount Road,Guindy,06:58 PM,10:52 PM,25,Heavy,Accident,Wednesday,Stormy,No
7B,Route_7B,Marina Beach,Velachery,08:00 PM,02:45 AM,9,Moderate,Signal Delay,Sunday,Stormy,No
23C,Route_23C,Saidapet,Ambattur,02:42 AM,04:52 PM,2,Clear,Traffic Congestion,Sunday,Stormy,No
570,Route_570,Marina Beach,Velachery,05:53 AM,09:05 AM,1,Clear,None,Saturday,Rainy,Yes
M5,Route_M5,Saidapet,Ambattur,01:09 PM,02:28 AM,21,Heavy,None,Tuesday,Foggy,No
570,Route_570,Marina Beach,Velachery,08:27 PM,12:13 AM,12,Moderate,None,Tuesday,Rainy,No
7B,Route_7B,Mount Road,Guindy,11:01 PM,12:57 AM,1,Clear,Traffic Congestion,Friday,Clear,No
5E,Route_5E,Mount Road,Guindy,07:55 AM,08:54 PM,3,Clear,Accident,Sunday,Clear,No
570,Route_570,Adyar,T. Nagar,11:12 AM,01:19 AM,12,Moderate,None,Saturday,Rainy,No
M5,Route_M5,Saidapet,Ambattur,11:39 PM,10:25 PM,28,Heavy,None,Monday,Rainy,No
M5,Route_M5,Marina Beach,Velachery,02:16 PM,05:26 AM,5,Moderate,Accident,Sunday,Foggy,No
23C,Route_23C,Adyar,T. Nagar,09:44 PM,07:56 PM,20,Heavy,Signal Delay,Friday,Foggy,Yes
5E,Route_5E,Koyambedu,Tambaram,06:23 PM,09:34 PM,13,Moderate,Accident,Saturday,Rainy,No
7B,Route_7B,Mount Road,Guindy,10:30 PM,10:34 AM,29,Heavy,None,Wednesday,Stormy,No
7B,Route_7B,Adyar,T. Nagar,01:22 AM,03:35 PM,27,Heavy,Signal Delay,Thursday,Stormy,No
7B,Route_7B,Koyambedu,Tambaram,09:56 AM,03:37 PM,10,Moderate,Traffic Congestion,Friday,Rainy,No
21G,Route_21G,Mount Road,Guindy,11:23 PM,02:54 AM,13,Moderate,Accident,Tuesday,Rainy,No
21G,Route_21G,Koyambedu,Tambaram,01:29 AM,07:24 AM,1,Clear,Signal Delay,Friday,Clear,No
47A,Route_47A,Adyar,T. Nagar,08:42 PM,07:22 AM,12,Moderate,Signal Delay,Wednesday,Foggy,No
102,Route_102,Saidapet,Ambattur,05:58 AM,08:48 AM,0,Clear,None,Tuesday,Clear,No
102,Route_102,Mount Road,Guindy,09:27 PM,04:21 PM,9,Moderate,Signal Delay,Thursday,Stormy,No
7B,Route_7B,Saidapet,Ambattur,07:45 PM,03:29 PM,29,Heavy,None,Sunday,Stormy,No
47A,Route_47A,Koyambedu,Tambaram,06:57 AM,04:12 PM,1,Clear,None,Wednesday,Rainy,No
102,Route_102,Marina Beach,Velachery,07:45 AM,12:59 AM,15,Moderate,Accident,Sunday,Clear,No
570,Route_570,Adyar,T. Nagar,11:49 AM,12:06 AM,3,Clear,Traffic Congestion,Thursday,Clear,No
M5,Route_M5,Saidapet,Ambattur,07:00 PM,09:20 PM,14,Moderate,None,Wednesday,Foggy,No
102,Route_102,Saidapet,Ambattur,05:44 AM,08:09 AM,5,Clear,Accident,Wednesday,Clear,No
M5,Route_M5,Adyar,T. Nagar,02:10 AM,09:57 AM,4,Clear,Traffic Congestion,Tuesday,Clear,No
7B,Route_7B,Mount Road,Guindy,05:42 PM,12:33 AM,1,Clear,Traffic Congestion,Friday,Stormy,Yes
7B,Route_7B,Saidapet,Ambattur,10:11 AM,01:20 PM,3,Clear,None,Monday,Clear,No
102,Route_102,Marina Beach,Velachery,04:15 PM,12:21 PM,29,Heavy,None,Thursday,Rainy,Yes
47A,Route_47A,Saidapet,Ambattur,07:59 PM,11:14 AM,6,Moderate,None,Monday,Rainy,No
47A,Route_47A,Mount Road,Guindy,04:35 PM,02:00 AM,4,Clear,Signal Delay,Saturday,Rainy,No
47A,Route_47A,Adyar,T. Nagar,06:35 AM,08:13 PM,9,Moderate,Signal Delay,Wednesday,Foggy,No
47A,Route_47A,Koyambedu,Tambaram,12:39 PM,11:35 AM,4,Clear,Signal Delay,Saturday,Foggy,No
5E,Route_5E,Mount Road,Guindy,12:46 PM,10:47 PM,0,Clear,None,Monday,Rainy,No
M5,Route_M5,Marina Beach,Velachery,04:19 PM,02:09 PM,6,Moderate,None,Saturday,Clear,No
102,Route_102,Mount Road,Guindy,10:54 AM,05:06 AM,12,Moderate,Accident,Tuesday,Stormy,No
M5,Route_M5,Adyar,T. Nagar,07:25 PM,05:29 PM,17,Heavy,None,Wednesday,Stormy,No
M5,Route_M5,Marina Beach,Velachery,01:55 AM,03:45 PM,20,Heavy,Traffic Congestion,Friday,Rainy,No
21G,Route_21G,Adyar,T. Nagar,11:50 AM,07:47 AM,12,Moderate,Traffic Congestion,Sunday,Clear,No
23C,Route_23C,Koyambedu,Tambaram,05:52 PM,09:47 AM,15,Moderate,Accident,Wednesday,Rainy,No
47A,Route_47A,Mount Road,Guindy,08:04 PM,09:29 PM,20,Heavy,Accident,Tuesday,Rainy,No
7B,Route_7B,Mount Road,Guindy,04:56 AM,09:57 PM,2,Clear,Signal Delay,Monday,Foggy,No
23C,Route_23C,Adyar,T. Nagar,06:45 PM,08:13 PM,5,Moderate,None,Sunday,Foggy,No
7B,Route_7B,Marina Beach,Velachery,09:20 PM,03:48 AM,29,Heavy,Accident,Wednesday,Stormy,Yes
7B,Route_7B,Marina Beach,Velachery,11:58 PM,02:37 AM,11,Moderate,Traffic Congestion,Wednesday,Rainy,No
570,Route_570,Mount Road,Guindy,02:33 PM,05:36 AM,23,Heavy,Signal Delay,Monday,Clear,No
23C,Route_23C,Adyar,T. Nagar,05:25 PM,03:52 PM,9,Moderate,None,Friday,Clear,No
21G,Route_21G,Mount Road,Guindy,07:39 PM,07:04 AM,26,Heavy,Traffic Congestion,Wednesday,Rainy,No
21G,Route_21G,Saidapet,Ambattur,03:06 AM,02:25 PM,8,Moderate,None,Thursday,Clear,No
23C,Route_23C,Adyar,T. Nagar,10:10 AM,01:50 PM,10,Moderate,None,Thursday,Rainy,No
M5,Route_M5,Mount Road,Guindy,01:47 PM,01:25 PM,2,Clear,None,Friday,Rainy,No
23C,Route_23C,Saidapet,Ambattur,05:32 PM,06:55 AM,26,Heavy,Traffic Congestion,Wednesday,Foggy,No
M5,Route_M5,Adyar,T. Nagar,12:12 AM,09:11 AM,27,Heavy,Accident,Monday,Rainy,No
23C,Route_23C,Saidapet,Ambattur,06:02 AM,04:03 PM,5,Moderate,Traffic Congestion,Tuesday,Clear,No
47A,Route_47A,Adyar,T. Nagar,10:49 AM,12:01 AM,1,Clear,Signal Delay,Wednesday,Foggy,No
47A,Route_47A,Koyambedu,Tambaram,08:52 PM,03:21 PM,25,Heavy,None,Monday,Clear,No
23C,Route_23C,Mount Road,Guindy,09:13 AM,08:49 PM,18,Heavy,None,Wednesday,Stormy,No
47A,Route_47A,Saidapet,Ambattur,07:45 PM,06:45 AM,15,Moderate,Signal Delay,Sunday,Foggy,No
5E,Route_5E,Adyar,T. Nagar,09:20 AM,08:05 PM,0,Clear,None,Thursday,Clear,No
M5,Route_M5,Marina Beach,Velachery,12:51 PM,03:32 AM,26,Heavy,Accident,Sunday,Clear,No
7B,Route_7B,Mount Road,Guindy,06:51 PM,04:49 PM,2,Clear,Accident,Thursday,Clear,No
23C,Route_23C,Koyambedu,Tambaram,08:38 PM,09:01 PM,7,Moderate,Signal Delay,Tuesday,Clear,Yes
21G,Route_21G,Koyambedu,Tambaram,08:23 AM,03:17 AM,21,Heavy,Accident,Monday,Clear,No
102,Route_102,Mount Road,Guindy,04:06 AM,08:45 AM,18,Heavy,Traffic Congestion,Friday,Rainy,No
5E,Route_5E,Koyambedu,Tambaram,05:02 PM,05:40 AM,17,Heavy,Accident,Monday,Foggy,No
102,Route_102,Saidapet,Ambattur,04:49 PM,07:32 AM,15,Moderate,Accident,Saturday,Foggy,No
21G,Route_21G,Koyambedu,Tambaram,10:06 PM,03:47 PM,24,Heavy,None,Wednesday,Stormy,No
102,Route_102,Koyambedu,Tambaram,04:19 AM,08:48 AM,4,Clear,None,Sunday,Stormy,No
21G,Route_21G,Adyar,T. Nagar,01:27 AM,11:07 PM,0,Clear,None,Wednesday,Stormy,No
102,Route_102,Saidapet,Ambattur,08:45 AM,04:35 PM,16,Heavy,Accident,Wednesday,Foggy,No
5E,Route_5E,Marina Beach,Velachery,06:00 AM,02:59 AM,20,Heavy,Signal Delay,Wednesday,Rainy,No
23C,Route_23C,Mount Road,Guindy,11:28 PM,11:07 AM,4,Clear,None,Tuesday,Clear,No
7B,Route_7B,Saidapet,Ambattur,02:52 PM,04:58 PM,25,Heavy,Signal Delay,Monday,Foggy,No
M5,Route_M5,Mount Road,Guindy,11:58 AM,08:27 AM,1,Clear,None,Wednesday,Clear,No
23C,Route_23C,Saidapet,Ambattur,12:30 PM,03:20 PM,6,Moderate,Traffic Congestion,Thursday,Clear,No
5E,Route_5E,Marina Beach,Velachery,11:05 PM,02:08 AM,5,Clear,Traffic Congestion,Wednesday,Stormy,No
M5,Route_M5,Mount Road,Guindy,08:36 PM,12:18 PM,1,Clear,Traffic Congestion,Friday,Clear,No
5E,Route_5E,Mount Road,Guindy,01:26 PM,04:51 PM,4,Clear,None,Tuesday,Foggy,No
5E,Route_5E,Marina Beach,Velachery,10:07 AM,09:05 PM,10,Moderate,Accident,Thursday,Rainy,No
570,Route_570,Marina Beach,Velachery,07:56 PM,09:34 PM,29,Heavy,None,Sunday,Foggy,No
5E,Route_5E,Adyar,T. Nagar,04:13 PM,03:04 AM,1,Clear,None,Tuesday,Clear,No
23C,Route_23C,Adyar,T. Nagar,02:03 AM,08:51 PM,8,Moderate,Signal Delay,Saturday,Stormy,No
570,Route_570,Koyambedu,Tambaram,01:17 AM,01:12 PM,12,Moderate,Accident,Thursday,Clear,No
21G,Route_21G,Koyambedu,Tambaram,12:17 AM,04:21 PM,30,Heavy,Accident,Wednesday,Rainy,No
570,Route_570,Koyambedu,Tambaram,02:54 AM,03:45 AM,19,Heavy,Accident,Sunday,Stormy,No
23C,Route_23C,Mount Road,Guindy,12:48 AM,01:40 AM,5,Clear,None,Wednesday,Stormy,No
21G,Route_21G,Adyar,T. Nagar,07:44 PM,01:58 AM,11,Moderate,Signal Delay,Tuesday,Clear,No
47A,Route_47A,Saidapet,Ambattur,06:26 AM,06:09 PM,0,Clear,None,Saturday,Foggy,No
7B,Route_7B,Koyambedu,Tambaram,06:02 AM,11:34 PM,4,Clear,Traffic Congestion,Saturday,Clear,No
102,Route_102,Koyambedu,Tambaram,03:12 AM,02:09 PM,10,Moderate,Traffic Congestion,Wednesday,Foggy,No
M5,Route_M5,Marina Beach,Velachery,03:22 AM,04:37 PM,3,Clear,Signal Delay,Sunday,Foggy,No
M5,Route_M5,Mount Road,Guindy,11:08 PM,05:31 PM,22,Heavy,Signal Delay,Wednesday,Foggy,No
M5,Route_M5,Saidapet,Ambattur,07:05 AM,08:04 PM,15,Heavy,Signal Delay,Monday,Stormy,No
5E,Route_5E,Marina Beach,Velachery,03:44 PM,10:07 PM,0,Clear,None,Thursday,Clear,No
7B,Route_7B,Marina Beach,Velachery,12:50 AM,09:09 PM,23,Heavy,Traffic Congestion,Thursday,Rainy,No
21G,Route_21G,Saidapet,Ambattur,11:24 AM,04:53 AM,2,Clear,Accident,Thursday,Clear,No
M5,Route_M5,Adyar,T. Nagar,06:08 AM,07:04 AM,4,Clear,Signal Delay,Tuesday,Stormy,No
M5,Route_M5,Mount Road,Guindy,02:32 PM,12:57 AM,4,Clear,Signal Delay,Tuesday,Stormy,No
5E,Route_5E,Saidapet,Ambattur,04:49 PM,10:18 AM,23,Heavy,Signal Delay,Monday,Foggy,Yes
570,Route_570,Saidapet,Ambattur,12:51 PM,09:59 AM,11,Moderate,None,Saturday,Foggy,No
47A,Route_47A,Koyambedu,Tambaram,07:46 PM,02:55 PM,24,Heavy,None,Thursday,Rainy,Yes
47A,Route_47A,Koyambedu,Tambaram,06:34 PM,04:24 PM,12,Moderate,None,Friday,Stormy,Yes
7B,Route_7B,Mount Road,Guindy,02:49 AM,11:07 AM,25,Heavy,Signal Delay,Saturday,Stormy,No
23C,Route_23C,Adyar,T. Nagar,02:45 PM,12:47 AM,6,Moderate,Signal Delay,Saturday,Clear,No
23C,Route_23C,Marina Beach,Velachery,11:13 AM,06:10 PM,18,Heavy,Accident,Saturday,Foggy,No
M5,Route_M5,Saidapet,Ambattur,11:05 PM,02:02 AM,20,Heavy,Accident,Thursday,Stormy,No
102,Route_102,Adyar,T. Nagar,11:09 AM,11:12 AM,26,Heavy,Traffic Congestion,Friday,Stormy,No
M5,Route_M5,Koyambedu,Tambaram,02:05 PM,09:17 AM,4,Clear,Traffic Congestion,Wednesday,Clear,Yes
M5,Route_M5,Marina Beach,Velachery,04:55 PM,09:18 AM,2,Clear,None,Wednesday,Foggy,No
7B,Route_7B,Marina Beach,Velachery,07:42 PM,09:51 PM,27,Heavy,Traffic Congestion,Saturday,Rainy,No
47A,Route_47A,Koyambedu,Tambaram,09:19 PM,02:41 AM,9,Moderate,None,Tuesday,Foggy,Yes
102,Route_102,Saidapet,Ambattur,05:57 AM,04:48 AM,6,Moderate,Traffic Congestion,Tuesday,Rainy,No
47A,Route_47A,Saidapet,Ambattur,06:44 PM,05:56 AM,0,Clear,None,Sunday,Rainy,No
21G,Route_21G,Koyambedu,Tambaram,07:49 AM,04:21 AM,13,Moderate,Traffic Congestion,Tuesday,Foggy,No
102,Route_102,Marina Beach,Velachery,03:56 PM,09:48 AM,10,Moderate,Accident,Tuesday,Rainy,No
M5,Route_M5,Koyambedu,Tambaram,02:16 AM,08:40 PM,17,Heavy,Traffic Congestion,Saturday,Rainy,No
21G,Route_21G,Marina Beach,Velachery,02:16 AM,02:41 PM,24,Heavy,Traffic Congestion,Friday,Foggy,No
5E,Route_5E,Koyambedu,Tambaram,07:18 PM,09:06 PM,14,Moderate,Signal Delay,Wednesday,Stormy,Yes
M5,Route_M5,Mount Road,Guindy,07:13 PM,11:48 PM,0,Clear,None,Wednesday,Rainy,No
102,Route_102,Marina Beach,Velachery,03:36 AM,01:59 PM,0,Clear,None,Monday,Clear,No
M5,Route_M5,Adyar,T. Nagar,01:13 PM,07:31 PM,5,Clear,Accident,Friday,Clear,No
102,Route_102,Mount Road,Guindy,02:54 PM,08:39 AM,7,Moderate,Accident,Monday,Clear,No
7B,Route_7B,Saidapet,Ambattur,07:47 AM,03:13 PM,30,Heavy,Signal Delay,Friday,Rainy,No
570,Route_570,Koyambedu,Tambaram,11:54 PM,04:07 PM,28,Heavy,None,Thursday,Rainy,No
47A,Route_47A,Marina Beach,Velachery,02:20 PM,04:28 AM,15,Heavy,Signal Delay,Friday,Stormy,No
102,Route_102,Adyar,T. Nagar,09:14 AM,11:51 PM,27,Heavy,Signal Delay,Thursday,Clear,No
47A,Route_47A,Adyar,T. Nagar,05:56 PM,03:33 PM,12,Moderate,Signal Delay,Sunday,Foggy,No
570,Route_570,Marina Beach,Velachery,10:13 AM,02:48 PM,22,Heavy,Accident,Saturday,Stormy,No
570,Route_570,Adyar,T. Nagar,02:30 AM,07:22 PM,21,Heavy,Accident,Saturday,Clear,No
M5,Route_M5,Adyar,T. Nagar,06:59 AM,07:31 PM,2,Clear,Accident,Friday,Stormy,No
5E,Route_5E,Adyar,T. Nagar,06:38 PM,02:55 PM,30,Heavy,Accident,Wednesday,Clear,No
5E,Route_5E,Saidapet,Ambattur,09:34 PM,02:59 AM,20,Heavy,Accident,Thursday,Stormy,Yes
M5,Route_M5,Adyar,T. Nagar,05:16 AM,10:13 AM,1,Clear,Accident,Monday,Clear,No
M5,Route_M5,Mount Road,Guindy,02:40 PM,01:55 AM,5,Clear,None,Friday,Stormy,No
23C,Route_23C,Koyambedu,Tambaram,06:34 PM,12:42 AM,1,Clear,None,Thursday,Stormy,No
21G,Route_21G,Koyambedu,Tambaram,10:34 PM,08:42 PM,18,Heavy,Signal Delay,Saturday,Rainy,No
570,Route_570,Saidapet,Ambattur,10:41 AM,11:02 PM,10,Moderate,Signal Delay,Sunday,Stormy,No
23C,Route_23C,Saidapet,Ambattur,08:45 AM,05:35 PM,24,Heavy,None,Friday,Rainy,Yes
5E,Route_5E,Mount Road,Guindy,10:12 PM,09:39 AM,2,Clear,Accident,Thursday,Clear,No
102,Route_102,Saidapet,Ambattur,10:55 AM,01:40 PM,10,Moderate,Accident,Friday,Rainy,No
M5,Route_M5,Adyar,T. Nagar,11:41 AM,08:14 PM,3,Clear,Accident,Saturday,Stormy,No
21G,Route_21G,Koyambedu,Tambaram,12:34 AM,03:12 PM,4,Clear,Traffic Congestion,Monday,Rainy,Yes
21G,Route_21G,Koyambedu,Tambaram,04:45 AM,01:19 AM,7,Moderate,Accident,Wednesday,Rainy,No
7B,Route_7B,Koyambedu,Tambaram,05:03 AM,12:30 PM,5,Moderate,None,Friday,Stormy,Yes
23C,Route_23C,Koyambedu,Tambaram,05:56 PM,08:40 PM,16,Heavy,None,Tuesday,Stormy,No
M5,Route_M5,Marina Beach,Velachery,05:54 PM,12:20 PM,12,Moderate,Traffic Congestion,Thursday,Foggy,Yes
570,Route_570,Marina Beach,Velachery,01:42 AM,12:55 PM,5,Moderate,Accident,Thursday,Rainy,No
21G,Route_21G,Mount Road,Guindy,02:14 PM,02:55 AM,15,Moderate,Accident,Saturday,Foggy,No
102,Route_102,Koyambedu,Tambaram,01:58 PM,02:28 AM,29,Heavy,Traffic Congestion,Wednesday,Rainy,No
570,Route_570,Koyambedu,Tambaram,04:23 AM,02:29 AM,1,Clear,Signal Delay,Wednesday,Rainy,No
21G,Route_21G,Marina Beach,Velachery,09:37 PM,06:10 PM,1,Clear,Traffic Congestion,Sunday,Foggy,No
102,Route_102,Saidapet,Ambattur,09:45 PM,10:09 PM,3,Clear,Accident,Monday,Foggy,No
47A,Route_47A,Koyambedu,Tambaram,06:46 AM,09:25 PM,22,Heavy,None,Tuesday,Foggy,No
570,Route_570,Saidapet,Ambattur,02:59 AM,01:47 PM,1,Clear,None,Wednesday,Stormy,No
570,Route_570,Koyambedu,Tambaram,07:44 PM,04:10 AM,13,Moderate,Accident,Friday,Foggy,Yes
5E,Route_5E,Mount Road,Guindy,08:58 PM,12:12 AM,12,Moderate,Traffic Congestion,Monday,Foggy,Yes
7B,Route_7B,Mount Road,Guindy,11:48 AM,08:50 PM,19,Heavy,Traffic Congestion,Tuesday,Clear,No
7B,Route_7B,Koyambedu,Tambaram,08:35 AM,05:19 AM,28,Heavy,Signal Delay,Friday,Rainy,No
M5,Route_M5,Mount Road,Guindy,04:13 PM,02:15 PM,23,Heavy,None,Wednesday,Stormy,Yes
5E,Route_5E,Marina Beach,Velachery,02:29 PM,12:26 AM,19,Heavy,Accident,Sunday,Stormy,No
21G,Route_21G,Marina Beach,Velachery,02:28 PM,02:44 AM,28,Heavy,Traffic Congestion,Wednesday,Stormy,Yes
5E,Route_5E,Koyambedu,Tambaram,02:43 AM,02:28 AM,0,Clear,None,Wednesday,Clear,No
21G,Route_21G,Koyambedu,Tambaram,12:57 PM,06:56 PM,9,Moderate,Signal Delay,Saturday,Foggy,No
M5,Route_M5,Marina Beach,Velachery,01:11 AM,11:26 PM,25,Heavy,Signal Delay,Tuesday,Foggy,No
23C,Route_23C,Adyar,T. Nagar,05:18 PM,03:12 PM,10,Moderate,Signal Delay,Monday,Stormy,No
7B,Route_7B,Koyambedu,Tambaram,03:38 AM,04:03 PM,8,Moderate,Accident,Monday,Stormy,No
7B,Route_7B,Saidapet,Ambattur,11:08 AM,01:08 PM,26,Heavy,None,Sunday,Rainy,No
21G,Route_21G,Mount Road,Guindy,02:35 AM,09:38 PM,21,Heavy,None,Monday,Clear,No
M5,Route_M5,Marina Beach,Velachery,03:36 PM,01:28 PM,3,Clear,None,Friday,Clear,No
102,Route_102,Marina Beach,Velachery,04:28 PM,06:32 AM,27,Heavy,Traffic Congestion,Monday,Rainy,Yes
7B,Route_7B,Mount Road,Guindy,03:14 AM,08:03 AM,0,Clear,None,Friday,Clear,No
5E,Route_5E,Marina Beach,Velachery,09:17 AM,01:23 AM,27,Heavy,Accident,Monday,Foggy,No
23C,Route_23C,Koyambedu,Tambaram,05:41 AM,04:28 PM,3,Clear,Traffic Congestion,Tuesday,Clear,No
102,Route_102,Marina Beach,Velachery,08:04 AM,09:12 PM,11,Moderate,Signal Delay,Monday,Stormy,No
23C,Route_23C,Saidapet,Ambattur,09:15 AM,04:14 AM,0,Clear,None,Thursday,Rainy,No
7B,Route_7B,Adyar,T. Nagar,11:08 PM,07:34 AM,13,Moderate,None,Tuesday,Clear,Yes
7B,Route_7B,Adyar,T. Nagar,12:42 PM,10:32 PM,22,Heavy,Signal Delay,Friday,Rainy,No
21G,Route_21G,Adyar,T. Nagar,12:29 AM,05:07 AM,30,Heavy,Accident,Friday,Stormy,Yes
5E,Route_5E,Mount Road,Guindy,05:24 PM,03:08 PM,0,Clear,None,Wednesday,Foggy,No
5E,Route_5E,Koyambedu,Tambaram,04:17 AM,12:00 AM,27,Heavy,Signal Delay,Friday,Rainy,No
23C,Route_23C,Mount Road,Guindy,05:23 PM,10:39 PM,5,Clear,Signal Delay,Wednesday,Foggy,No
47A,Route_47A,Adyar,T. Nagar,05:39 AM,04:43 PM,12,Moderate,Traffic Congestion,Thursday,Clear,No
570,Route_570,Mount Road,Guindy,02:25 PM,01:26 PM,8,Moderate,Accident,Thursday,Stormy,Yes
7B,Route_7B,Adyar,T. Nagar,02:25 AM,11:33 PM,14,Moderate,Accident,Friday,Clear,No
47A,Route_47A,Marina Beach,Velachery,12:42 AM,11:02 AM,9,Moderate,None,Wednesday,Foggy,No
23C,Route_23C,Saidapet,Ambattur,09:35 PM,10:33 PM,12,Moderate,Signal Delay,Tuesday,Clear,Yes
21G,Route_21G,Koyambedu,Tambaram,03:33 AM,08:17 AM,18,Heavy,Accident,Tuesday,Stormy,No
23C,Route_23C,Adyar,T. Nagar,02:16 AM,07:50 AM,26,Heavy,Accident,Friday,Stormy,No
47A,Route_47A,Adyar,T. Nagar,12:51 AM,02:38 PM,3,Clear,Traffic Congestion,Sunday,Foggy,Yes
21G,Route_21G,Saidapet,Ambattur,10:57 PM,09:31 PM,13,Moderate,None,Thursday,Clear,No
21G,Route_21G,Saidapet,Ambattur,07:10 PM,11:15 AM,15,Heavy,None,Wednesday,Stormy,No
570,Route_570,Marina Beach,Velachery,04:47 PM,07:38 PM,1,Clear,None,Sunday,Clear,Yes
7B,Route_7B,Mount Road,Guindy,09:02 AM,12:09 AM,4,Clear,None,Thursday,Clear,No
570,Route_570,Mount Road,Guindy,11:18 AM,11:28 AM,11,Moderate,Traffic Congestion,Monday,Clear,No
23C,Route_23C,Adyar,T. Nagar,06:49 PM,08:25 PM,7,Moderate,Traffic Congestion,Thursday,Clear,Yes
23C,Route_23C,Saidapet,Ambattur,10:40 AM,06:43 AM,19,Heavy,Accident,Thursday,Rainy,No
23C,Route_23C,Koyambedu,Tambaram,11:25 PM,04:01 AM,17,Heavy,Accident,Friday,Foggy,No
23C,Route_23C,Saidapet,Ambattur,07:06 AM,09:07 AM,1,Clear,Accident,Thursday,Foggy,No
7B,Route_7B,Koyambedu,Tambaram,05:01 PM,08:17 PM,21,Heavy,Signal Delay,Thursday,Clear,Yes
47A,Route_47A,Saidapet,Ambattur,12:29 AM,09:43 AM,4,Clear,Accident,Wednesday,Rainy,No
102,Route_102,Marina Beach,Velachery,04:35 AM,12:26 AM,14,Moderate,Signal Delay,Saturday,Rainy,Yes
7B,Route_7B,Marina Beach,Velachery,12:04 AM,05:58 PM,20,Heavy,None,Thursday,Stormy,No
21G,Route_21G,Koyambedu,Tambaram,02:08 PM,12:16 PM,18,Heavy,Traffic Congestion,Saturday,Foggy,No
21G,Route_21G,Saidapet,Ambattur,12:19 PM,08:26 PM,2,Clear,None,Monday,Clear,No
M5,Route_M5,Koyambedu,Tambaram,09:20 PM,06:50 AM,28,Heavy,None,Monday,Rainy,No
5E,Route_5E,Saidapet,Ambattur,11:34 PM,08:12 PM,19,Heavy,Signal Delay,Sunday,Foggy,No
47A,Route_47A,Koyambedu,Tambaram,04:43 AM,05:50 AM,11,Moderate,None,Thursday,Foggy,No
47A,Route_47A,Adyar,T. Nagar,01:11 PM,03:49 PM,3,Clear,Traffic Congestion,Saturday,Clear,Yes
570,Route_570,Marina Beach,Velachery,08:13 AM,07:44 AM,11,Moderate,Signal Delay,Thursday,Rainy,No
M5,Route_M5,Koyambedu,Tambaram,02:52 AM,12:27 PM,15,Moderate,Accident,Sunday,Clear,No
5E,Route_5E,Marina Beach,Velachery,11:28 AM,06:07 AM,25,Heavy,Accident,Sunday,Clear,No
21G,Route_21G,Koyambedu,Tambaram,06:19 AM,04:15 PM,17,Heavy,Traffic Congestion,Wednesday,Rainy,Yes
23C,Route_23C,Adyar,T. Nagar,10:22 AM,07:37 AM,5,Clear,Traffic Congestion,Wednesday,Stormy,No
47A,Route_47A,Koyambedu,Tambaram,04:00 AM,04:56 PM,6,Moderate,None,Sunday,Foggy,No
102,Route_102,Koyambedu,Tambaram,11:10 PM,06:05 AM,19,Heavy,Accident,Sunday,Foggy,No
102,Route_102,Adyar,T. Nagar,03:51 PM,04:36 PM,25,Heavy,Traffic Congestion,Saturday,Clear,No
21G,Route_21G,Saidapet,Ambattur,10:34 PM,08:13 AM,4,Clear,Traffic Congestion,Tuesday,Stormy,No
47A,Route_47A,Adyar,T. Nagar,04:53 AM,02:27 AM,24,Heavy,Signal Delay,Tuesday,Rainy,No
23C,Route_23C,Adyar,T. Nagar,08:25 PM,09:52 PM,4,Clear,Signal Delay,Sunday,Stormy,Yes
23C,Route_23C,Koyambedu,Tambaram,05:50 AM,02:28 AM,19,Heavy,Accident,Saturday,Rainy,No
5E,Route_5E,Mount Road,Guindy,12:31 PM,04:07 AM,14,Moderate,Accident,Monday,Foggy,No
47A,Route_47A,Mount Road,Guindy,09:04 PM,04:24 PM,5,Clear,Signal Delay,Tuesday,Rainy,No
570,Route_570,Adyar,T. Nagar,08:27 PM,01:25 PM,30,Heavy,None,Wednesday,Rainy,No
5E,Route_5E,Koyambedu,Tambaram,12:56 PM,08:40 PM,14,Moderate,Signal Delay,Saturday,Rainy,No
21G,Route_21G,Mount Road,Guindy,04:25 PM,05:50 AM,23,Heavy,Traffic Congestion,Wednesday,Rainy,No
21G,Route_21G,Saidapet,Ambattur,06:49 PM,07:15 AM,15,Heavy,Traffic Congestion,Saturday,Rainy,No
5E,Route_5E,Koyambedu,Tambaram,10:22 PM,10:44 PM,17,Heavy,Accident,Wednesday,Rainy,No
102,Route_102,Marina Beach,Velachery,05:14 PM,05:11 AM,11,Moderate,Traffic Congestion,Sunday,Stormy,Yes
21G,Route_21G,Marina Beach,Velachery,02:54 AM,02:00 AM,29,Heavy,None,Friday,Rainy,Yes
M5,Route_M5,Saidapet,Ambattur,08:43 AM,09:08 PM,17,Heavy,None,Sunday,Rainy,Yes
21G,Route_21G,Marina Beach,Velachery,06:50 AM,10:13 PM,3,Clear,Traffic Congestion,Thursday,Rainy,Yes
102,Route_102,Saidapet,Ambattur,05:47 AM,04:00 PM,28,Heavy,Accident,Friday,Stormy,No
5E,Route_5E,Adyar,T. Nagar,03:38 PM,02:13 PM,7,Moderate,Signal Delay,Saturday,Clear,No
M5,Route_M5,Marina Beach,Velachery,12:27 PM,02:06 PM,17,Heavy,None,Tuesday,Rainy,No
102,Route_102,Saidapet,Ambattur,11:35 AM,08:45 PM,12,Moderate,Signal Delay,Saturday,Stormy,No
47A,Route_47A,Marina Beach,Velachery,09:16 PM,06:57 PM,15,Heavy,Accident,Monday,Stormy,No
21G,Route_21G,Saidapet,Ambattur,09:33 AM,04:22 PM,21,Heavy,Signal Delay,Wednesday,Rainy,No
570,Route_570,Saidapet,Ambattur,03:07 PM,04:25 AM,24,Heavy,Accident,Sunday,Foggy,Yes
7B,Route_7B,Saidapet,Ambattur,07:35 AM,10:00 AM,9,Moderate,Traffic Congestion,Thursday,Foggy,Yes
570,Route_570,Adyar,T. Nagar,02:16 PM,08:59 PM,1,Clear,None,Saturday,Foggy,No
